-- MySQL dump 10.13  Distrib 5.7.33, for Linux (x86_64)
--
-- Host: localhost    Database: sbaApp
-- ------------------------------------------------------
-- Server version	5.7.33-0ubuntu0.18.04.1

/*!40101 SET @OLD_CHARACTER_SET_CLIENT=@@CHARACTER_SET_CLIENT */;
/*!40101 SET @OLD_CHARACTER_SET_RESULTS=@@CHARACTER_SET_RESULTS */;
/*!40101 SET @OLD_COLLATION_CONNECTION=@@COLLATION_CONNECTION */;
/*!40101 SET NAMES utf8 */;
/*!40103 SET @OLD_TIME_ZONE=@@TIME_ZONE */;
/*!40103 SET TIME_ZONE='+00:00' */;
/*!40014 SET @OLD_UNIQUE_CHECKS=@@UNIQUE_CHECKS, UNIQUE_CHECKS=0 */;
/*!40014 SET @OLD_FOREIGN_KEY_CHECKS=@@FOREIGN_KEY_CHECKS, FOREIGN_KEY_CHECKS=0 */;
/*!40101 SET @OLD_SQL_MODE=@@SQL_MODE, SQL_MODE='NO_AUTO_VALUE_ON_ZERO' */;
/*!40111 SET @OLD_SQL_NOTES=@@SQL_NOTES, SQL_NOTES=0 */;

--
-- Table structure for table `answers`
--

DROP TABLE IF EXISTS `answers`;
/*!40101 SET @saved_cs_client     = @@character_set_client */;
/*!40101 SET character_set_client = utf8 */;
CREATE TABLE `answers` (
  `id` int(11) NOT NULL AUTO_INCREMENT,
  `questionType` varchar(255) NOT NULL,
  `step` varchar(8) DEFAULT NULL,
  `questionId` int(11) NOT NULL,
  `answer` varchar(255) NOT NULL,
  `applicationId` int(10) NOT NULL,
  `memberId` int(10) NOT NULL,
  `createdAt` datetime NOT NULL DEFAULT CURRENT_TIMESTAMP,
  `newUserId` int(11) DEFAULT NULL,
  `pdfName` varchar(255) DEFAULT NULL,
  `MODIFY` varchar(255) DEFAULT NULL,
  PRIMARY KEY (`id`)
) ENGINE=InnoDB AUTO_INCREMENT=1480 DEFAULT CHARSET=latin1;
/*!40101 SET character_set_client = @saved_cs_client */;

--
-- Dumping data for table `answers`
--

LOCK TABLES `answers` WRITE;
/*!40000 ALTER TABLE `answers` DISABLE KEYS */;
INSERT INTO `answers` VALUES (153,'text','1',527,'test',93,1932917349,'2020-09-04 18:37:22',1,'1434215384.pdf',NULL),(154,'text','1',528,'12132',93,1932917349,'2020-09-04 18:37:22',1,'1434215384.pdf',NULL),(155,'text','1',529,'12312',93,1932917349,'2020-09-04 18:37:22',1,'1434215384.pdf',NULL),(156,'text','1',530,'nicolaschareyre.perso@gmail.com',93,1932917349,'2020-09-04 18:37:22',1,'1434215384.pdf',NULL),(157,'text','1',531,'1321',93,1932917349,'2020-09-04 18:37:22',1,'1434215384.pdf',NULL),(158,'text','1',532,'12321',93,1932917349,'2020-09-04 18:37:22',1,'1434215384.pdf',NULL),(159,'text','1',533,'',93,1932917349,'2020-09-04 18:37:22',1,'1434215384.pdf',NULL),(160,'text','1',534,'',93,1932917349,'2020-09-04 18:37:22',1,'1434215384.pdf',NULL),(161,'text','1',535,'',93,1932917349,'2020-09-04 18:37:22',1,'1434215384.pdf',NULL),(162,'text','1',536,'',93,1932917349,'2020-09-04 18:37:22',1,'1434215384.pdf',NULL),(163,'text','1',537,'',93,1932917349,'2020-09-04 18:37:22',1,'1434215384.pdf',NULL),(164,'text','1',538,'',93,1932917349,'2020-09-04 18:37:22',1,'1434215384.pdf',NULL),(165,'text','2',539,'1232',93,1932917349,'2020-09-04 18:37:22',1,'1434215384.pdf',NULL),(166,'text','2',540,'123',93,1932917349,'2020-09-04 18:37:22',1,'1434215384.pdf',NULL),(167,'text','2',541,'12321',93,1932917349,'2020-09-04 18:37:22',1,'1434215384.pdf',NULL),(168,'text','2',542,'12321',93,1932917349,'2020-09-04 18:37:22',1,'1434215384.pdf',NULL),(169,'text','2',543,'',93,1932917349,'2020-09-04 18:37:22',1,'1434215384.pdf',NULL),(170,'text','2',544,'',93,1932917349,'2020-09-04 18:37:22',1,'1434215384.pdf',NULL),(171,'text','2',545,'',93,1932917349,'2020-09-04 18:37:22',1,'1434215384.pdf',NULL),(172,'text','2',546,'',93,1932917349,'2020-09-04 18:37:22',1,'1434215384.pdf',NULL),(173,'text','2',547,'',93,1932917349,'2020-09-04 18:37:22',1,'1434215384.pdf',NULL),(174,'text','2',548,'',93,1932917349,'2020-09-04 18:37:22',1,'1434215384.pdf',NULL),(175,'text','2',549,'1323',93,1932917349,'2020-09-04 18:37:22',1,'1434215384.pdf',NULL),(176,'text','2',550,'',93,1932917349,'2020-09-04 18:37:22',1,'1434215384.pdf',NULL),(177,'text','3',551,'',93,1932917349,'2020-09-04 18:37:22',1,'1434215384.pdf',NULL),(178,'text','3',552,'',93,1932917349,'2020-09-04 18:37:22',1,'1434215384.pdf',NULL),(179,'text','3',553,'',93,1932917349,'2020-09-04 18:37:22',1,'1434215384.pdf',NULL),(180,'text','3',554,'',93,1932917349,'2020-09-04 18:37:22',1,'1434215384.pdf',NULL),(181,'text','3',555,'',93,1932917349,'2020-09-04 18:37:22',1,'1434215384.pdf',NULL),(182,'date','3',556,'',93,1932917349,'2020-09-04 18:37:22',1,'1434215384.pdf',NULL),(183,'text','3',557,'',93,1932917349,'2020-09-04 18:37:22',1,'1434215384.pdf',NULL),(184,'text','3',558,'',93,1932917349,'2020-09-04 18:37:22',1,'1434215384.pdf',NULL),(185,'text','3',559,'',93,1932917349,'2020-09-04 18:37:22',1,'1434215384.pdf',NULL),(186,'text','3',560,'',93,1932917349,'2020-09-04 18:37:22',1,'1434215384.pdf',NULL),(187,'text','3',561,'',93,1932917349,'2020-09-04 18:37:22',1,'1434215384.pdf',NULL),(188,'text','3',562,'',93,1932917349,'2020-09-04 18:37:22',1,'1434215384.pdf',NULL),(189,'text','4',563,'13213',93,1932917349,'2020-09-04 18:37:22',1,'1434215384.pdf',NULL),(190,'text','4',564,'',93,1932917349,'2020-09-04 18:37:22',1,'1434215384.pdf',NULL),(191,'text','4',565,'',93,1932917349,'2020-09-04 18:37:22',1,'1434215384.pdf',NULL),(192,'text','4',566,'',93,1932917349,'2020-09-04 18:37:22',1,'1434215384.pdf',NULL),(193,'text','4',567,'',93,1932917349,'2020-09-04 18:37:22',1,'1434215384.pdf',NULL),(194,'date','4',568,'',93,1932917349,'2020-09-04 18:37:22',1,'1434215384.pdf',NULL),(195,'text','4',569,'',93,1932917349,'2020-09-04 18:37:22',1,'1434215384.pdf',NULL),(196,'text','4',570,'',93,1932917349,'2020-09-04 18:37:22',1,'1434215384.pdf',NULL),(197,'text','4',571,'',93,1932917349,'2020-09-04 18:37:22',1,'1434215384.pdf',NULL),(198,'text','4',572,'',93,1932917349,'2020-09-04 18:37:22',1,'1434215384.pdf',NULL),(199,'text','4',573,'',93,1932917349,'2020-09-04 18:37:22',1,'1434215384.pdf',NULL),(200,'text','4',574,'',93,1932917349,'2020-09-04 18:37:22',1,'1434215384.pdf',NULL),(201,'text','5',575,'',93,1932917349,'2020-09-04 18:37:22',1,'1434215384.pdf',NULL),(202,'text','5',576,'',93,1932917349,'2020-09-04 18:37:22',1,'1434215384.pdf',NULL),(203,'text','5',577,'',93,1932917349,'2020-09-04 18:37:22',1,'1434215384.pdf',NULL),(204,'text','5',578,'',93,1932917349,'2020-09-04 18:37:22',1,'1434215384.pdf',NULL),(205,'text','5',579,'',93,1932917349,'2020-09-04 18:37:22',1,'1434215384.pdf',NULL),(206,'text','5',580,'',93,1932917349,'2020-09-04 18:37:22',1,'1434215384.pdf',NULL),(207,'text','5',581,'',93,1932917349,'2020-09-04 18:37:22',1,'1434215384.pdf',NULL),(208,'text','5',582,'',93,1932917349,'2020-09-04 18:37:22',1,'1434215384.pdf',NULL),(209,'text','5',583,'',93,1932917349,'2020-09-04 18:37:22',1,'1434215384.pdf',NULL),(210,'text','5',584,'',93,1932917349,'2020-09-04 18:37:22',1,'1434215384.pdf',NULL),(211,'text','5',585,'',93,1932917349,'2020-09-04 18:37:22',1,'1434215384.pdf',NULL),(212,'text','5',586,'',93,1932917349,'2020-09-04 18:37:22',1,'1434215384.pdf',NULL),(213,'text','5',592,'',93,1932917349,'2020-09-04 18:37:22',1,'1434215384.pdf',NULL),(214,'text','6',587,'Vikram',93,1932917349,'2020-09-04 18:37:22',1,'1434215384.pdf',NULL),(215,'text','6',588,'vikram',93,1932917349,'2020-09-04 18:37:22',1,'1434215384.pdf',NULL),(216,'date','6',589,'10-02-2020',93,1932917349,'2020-09-04 18:37:22',1,'1434215384.pdf',NULL),(217,'date','6',590,'10-08-2020',93,1932917349,'2020-09-04 18:37:22',1,'1434215384.pdf',NULL),(218,'radio','2',594,'0',93,1932917349,'2020-09-04 18:37:22',1,'1434215384.pdf',NULL),(219,'radio','2',595,'0',93,1932917349,'2020-09-04 18:37:22',1,'1434215384.pdf',NULL),(220,'radio','2',596,'0',93,1932917349,'2020-09-04 18:37:22',1,'1434215384.pdf',NULL),(221,'radio','2',597,'0',93,1932917349,'2020-09-04 18:37:22',1,'1434215384.pdf',NULL),(222,'radio','2',598,'0',93,1932917349,'2020-09-04 18:37:22',1,'1434215384.pdf',NULL),(223,'radio','3',600,'0',93,1932917349,'2020-09-04 18:37:22',1,'1434215384.pdf',NULL),(224,'radio','3',601,'0',93,1932917349,'2020-09-04 18:37:22',1,'1434215384.pdf',NULL),(225,'radio','3',602,'0',93,1932917349,'2020-09-04 18:37:22',1,'1434215384.pdf',NULL),(226,'radio','3',603,'0',93,1932917349,'2020-09-04 18:37:22',1,'1434215384.pdf',NULL),(227,'radio','3',604,'0',93,1932917349,'2020-09-04 18:37:22',1,'1434215384.pdf',NULL),(228,'radio','3',605,'0',93,1932917349,'2020-09-04 18:37:22',1,'1434215384.pdf',NULL),(293,'text','1',367,'Bhavesh',76,1825771248,'2020-09-07 05:15:41',3,'370564244.pdf',NULL),(294,'text','1',368,'Bhavesh Bhanushali',76,1825771248,'2020-09-07 05:15:41',3,'370564244.pdf',NULL),(295,'text','1',369,'',76,1825771248,'2020-09-07 05:15:41',3,'370564244.pdf',NULL),(296,'text','1',375,'',76,1825771248,'2020-09-07 05:15:41',3,'370564244.pdf',NULL),(297,'date','1',376,'',76,1825771248,'2020-09-07 05:15:41',3,'370564244.pdf',NULL),(298,'text','1',377,'',76,1825771248,'2020-09-07 05:15:41',3,'370564244.pdf',NULL),(299,'text','1',438,'',76,1825771248,'2020-09-07 05:15:41',3,'370564244.pdf',NULL),(300,'text','1',439,'10',76,1825771248,'2020-09-07 05:15:41',3,'370564244.pdf',NULL),(301,'text','1',440,'',76,1825771248,'2020-09-07 05:15:41',3,'370564244.pdf',NULL),(302,'text','1',441,'Male',76,1825771248,'2020-09-07 05:15:41',3,'370564244.pdf',NULL),(303,'text','1',442,'',76,1825771248,'2020-09-07 05:15:41',3,'370564244.pdf',NULL),(304,'text','1',443,'q12',76,1825771248,'2020-09-07 05:15:41',3,'370564244.pdf',NULL),(305,'checkbox','1',464,'on',76,1825771248,'2020-09-07 05:15:41',3,'370564244.pdf',NULL),(306,'checkbox','3',380,'on',76,1825771248,'2020-09-07 05:15:41',3,'370564244.pdf',NULL),(307,'checkbox','3',395,'on',76,1825771248,'2020-09-07 05:15:41',3,'370564244.pdf',NULL),(308,'text','3',399,'',76,1825771248,'2020-09-07 05:15:41',3,'370564244.pdf',NULL),(309,'checkbox','3',405,'on',76,1825771248,'2020-09-07 05:15:41',3,'370564244.pdf',NULL),(310,'text','3',415,'2',76,1825771248,'2020-09-07 05:15:41',3,'370564244.pdf',NULL),(311,'text','3',416,'',76,1825771248,'2020-09-07 05:15:41',3,'370564244.pdf',NULL),(312,'checkbox','4',429,'on',76,1825771248,'2020-09-07 05:15:41',3,'370564244.pdf',NULL),(313,'checkbox','4',448,'on',76,1825771248,'2020-09-07 05:15:41',3,'370564244.pdf',NULL),(314,'date','5',371,'09-03-2020',76,1825771248,'2020-09-07 05:15:41',3,'370564244.pdf',NULL),(315,'text','5',372,'Bhavesh Bhanushali',76,1825771248,'2020-09-07 05:15:41',3,'370564244.pdf',NULL),(316,'text','5',457,'',76,1825771248,'2020-09-07 05:15:41',3,'370564244.pdf',NULL),(317,'checkbox','1',461,'0',76,1825771248,'2020-09-07 05:15:41',3,'370564244.pdf',NULL),(318,'checkbox','1',462,'0',76,1825771248,'2020-09-07 05:15:41',3,'370564244.pdf',NULL),(319,'checkbox','1',465,'0',76,1825771248,'2020-09-07 05:15:41',3,'370564244.pdf',NULL),(320,'checkbox','2',471,'0',76,1825771248,'2020-09-07 05:15:41',3,'370564244.pdf',NULL),(321,'checkbox','2',472,'0',76,1825771248,'2020-09-07 05:15:41',3,'370564244.pdf',NULL),(322,'checkbox','2',474,'0',76,1825771248,'2020-09-07 05:15:41',3,'370564244.pdf',NULL),(323,'checkbox','2',475,'0',76,1825771248,'2020-09-07 05:15:41',3,'370564244.pdf',NULL),(324,'checkbox','2',477,'0',76,1825771248,'2020-09-07 05:15:41',3,'370564244.pdf',NULL),(325,'checkbox','2',478,'0',76,1825771248,'2020-09-07 05:15:41',3,'370564244.pdf',NULL),(326,'checkbox','2',480,'0',76,1825771248,'2020-09-07 05:15:41',3,'370564244.pdf',NULL),(327,'checkbox','2',481,'0',76,1825771248,'2020-09-07 05:15:41',3,'370564244.pdf',NULL),(328,'checkbox','2',483,'0',76,1825771248,'2020-09-07 05:15:41',3,'370564244.pdf',NULL),(329,'checkbox','2',484,'0',76,1825771248,'2020-09-07 05:15:41',3,'370564244.pdf',NULL),(330,'checkbox','3',379,'0',76,1825771248,'2020-09-07 05:15:41',3,'370564244.pdf',NULL),(331,'checkbox','3',388,'0',76,1825771248,'2020-09-07 05:15:41',3,'370564244.pdf',NULL),(332,'checkbox','3',389,'0',76,1825771248,'2020-09-07 05:15:41',3,'370564244.pdf',NULL),(333,'checkbox','3',394,'0',76,1825771248,'2020-09-07 05:15:41',3,'370564244.pdf',NULL),(334,'checkbox','3',397,'0',76,1825771248,'2020-09-07 05:15:41',3,'370564244.pdf',NULL),(335,'checkbox','3',398,'0',76,1825771248,'2020-09-07 05:15:41',3,'370564244.pdf',NULL),(336,'checkbox','3',401,'0',76,1825771248,'2020-09-07 05:15:41',3,'370564244.pdf',NULL),(337,'checkbox','3',402,'0',76,1825771248,'2020-09-07 05:15:41',3,'370564244.pdf',NULL),(338,'checkbox','3',404,'0',76,1825771248,'2020-09-07 05:15:41',3,'370564244.pdf',NULL),(339,'checkbox','3',455,'0',76,1825771248,'2020-09-07 05:15:41',3,'370564244.pdf',NULL),(340,'checkbox','3',456,'0',76,1825771248,'2020-09-07 05:15:41',3,'370564244.pdf',NULL),(341,'checkbox','3',467,'0',76,1825771248,'2020-09-07 05:15:41',3,'370564244.pdf',NULL),(342,'checkbox','3',468,'0',76,1825771248,'2020-09-07 05:15:41',3,'370564244.pdf',NULL),(343,'checkbox','4',419,'0',76,1825771248,'2020-09-07 05:15:41',3,'370564244.pdf',NULL),(344,'checkbox','4',420,'0',76,1825771248,'2020-09-07 05:15:41',3,'370564244.pdf',NULL),(345,'checkbox','4',425,'0',76,1825771248,'2020-09-07 05:15:41',3,'370564244.pdf',NULL),(346,'checkbox','4',426,'0',76,1825771248,'2020-09-07 05:15:41',3,'370564244.pdf',NULL),(347,'checkbox','4',430,'0',76,1825771248,'2020-09-07 05:15:41',3,'370564244.pdf',NULL),(348,'checkbox','4',432,'0',76,1825771248,'2020-09-07 05:15:41',3,'370564244.pdf',NULL),(349,'checkbox','4',433,'0',76,1825771248,'2020-09-07 05:15:41',3,'370564244.pdf',NULL),(350,'checkbox','4',435,'0',76,1825771248,'2020-09-07 05:15:41',3,'370564244.pdf',NULL),(351,'checkbox','4',436,'0',76,1825771248,'2020-09-07 05:15:41',3,'370564244.pdf',NULL),(352,'checkbox','4',445,'0',76,1825771248,'2020-09-07 05:15:41',3,'370564244.pdf',NULL),(353,'checkbox','4',446,'0',76,1825771248,'2020-09-07 05:15:41',3,'370564244.pdf',NULL),(354,'checkbox','4',449,'0',76,1825771248,'2020-09-07 05:15:41',3,'370564244.pdf',NULL),(355,'checkbox','4',451,'0',76,1825771248,'2020-09-07 05:15:41',3,'370564244.pdf',NULL),(356,'checkbox','4',452,'0',76,1825771248,'2020-09-07 05:15:41',3,'370564244.pdf',NULL),(357,'text','1',367,'1',76,207731923,'2020-09-07 13:10:52',5,NULL,NULL),(358,'text','1',368,'ttll',76,207731923,'2020-09-07 13:10:52',5,NULL,NULL),(359,'text','1',369,'',76,207731923,'2020-09-07 13:10:52',5,NULL,NULL),(360,'text','1',375,'',76,207731923,'2020-09-07 13:10:52',5,NULL,NULL),(361,'date','1',376,'',76,207731923,'2020-09-07 13:10:52',5,NULL,NULL),(362,'text','1',377,'',76,207731923,'2020-09-07 13:10:52',5,NULL,NULL),(363,'text','1',438,'',76,207731923,'2020-09-07 13:10:52',5,NULL,NULL),(364,'text','1',439,'2',76,207731923,'2020-09-07 13:10:52',5,NULL,NULL),(365,'text','1',440,'',76,207731923,'2020-09-07 13:10:52',5,NULL,NULL),(366,'text','1',441,'1',76,207731923,'2020-09-07 13:10:52',5,NULL,NULL),(367,'text','1',442,'',76,207731923,'2020-09-07 13:10:52',5,NULL,NULL),(368,'text','1',443,'1',76,207731923,'2020-09-07 13:10:52',5,NULL,NULL),(369,'checkbox','1',461,'0',76,207731923,'2020-09-07 13:10:52',5,NULL,NULL),(370,'checkbox','1',462,'0',76,207731923,'2020-09-07 13:10:52',5,NULL,NULL),(371,'checkbox','1',464,'0',76,207731923,'2020-09-07 13:10:52',5,NULL,NULL),(372,'checkbox','1',465,'0',76,207731923,'2020-09-07 13:10:52',5,NULL,NULL),(373,'checkbox','2',471,'0',76,207731923,'2020-09-07 13:11:02',5,NULL,NULL),(374,'checkbox','2',472,'0',76,207731923,'2020-09-07 13:11:02',5,NULL,NULL),(375,'checkbox','2',474,'0',76,207731923,'2020-09-07 13:11:02',5,NULL,NULL),(376,'checkbox','2',475,'0',76,207731923,'2020-09-07 13:11:02',5,NULL,NULL),(377,'checkbox','2',477,'0',76,207731923,'2020-09-07 13:11:02',5,NULL,NULL),(378,'checkbox','2',478,'0',76,207731923,'2020-09-07 13:11:02',5,NULL,NULL),(379,'checkbox','2',480,'0',76,207731923,'2020-09-07 13:11:02',5,NULL,NULL),(380,'checkbox','2',481,'0',76,207731923,'2020-09-07 13:11:02',5,NULL,NULL),(381,'checkbox','2',483,'0',76,207731923,'2020-09-07 13:11:02',5,NULL,NULL),(382,'checkbox','2',484,'0',76,207731923,'2020-09-07 13:11:02',5,NULL,NULL),(383,'checkbox','3',379,'0',76,207731923,'2020-09-07 13:11:05',5,NULL,NULL),(384,'checkbox','3',380,'0',76,207731923,'2020-09-07 13:11:05',5,NULL,NULL),(385,'checkbox','3',388,'0',76,207731923,'2020-09-07 13:11:05',5,NULL,NULL),(386,'checkbox','3',389,'0',76,207731923,'2020-09-07 13:11:05',5,NULL,NULL),(387,'checkbox','3',394,'0',76,207731923,'2020-09-07 13:11:05',5,NULL,NULL),(388,'checkbox','3',395,'0',76,207731923,'2020-09-07 13:11:05',5,NULL,NULL),(389,'checkbox','3',397,'0',76,207731923,'2020-09-07 13:11:05',5,NULL,NULL),(390,'checkbox','3',398,'0',76,207731923,'2020-09-07 13:11:05',5,NULL,NULL),(391,'text','3',399,'',76,207731923,'2020-09-07 13:11:05',5,NULL,NULL),(392,'checkbox','3',401,'0',76,207731923,'2020-09-07 13:11:05',5,NULL,NULL),(393,'checkbox','3',402,'0',76,207731923,'2020-09-07 13:11:05',5,NULL,NULL),(394,'checkbox','3',404,'0',76,207731923,'2020-09-07 13:11:05',5,NULL,NULL),(395,'checkbox','3',405,'0',76,207731923,'2020-09-07 13:11:05',5,NULL,NULL),(396,'text','3',415,'1',76,207731923,'2020-09-07 13:11:05',5,NULL,NULL),(397,'text','3',416,'',76,207731923,'2020-09-07 13:11:05',5,NULL,NULL),(398,'checkbox','3',455,'0',76,207731923,'2020-09-07 13:11:05',5,NULL,NULL),(399,'checkbox','3',456,'0',76,207731923,'2020-09-07 13:11:05',5,NULL,NULL),(400,'checkbox','3',467,'0',76,207731923,'2020-09-07 13:11:05',5,NULL,NULL),(401,'checkbox','3',468,'0',76,207731923,'2020-09-07 13:11:05',5,NULL,NULL),(402,'checkbox','4',419,'0',76,207731923,'2020-09-07 13:11:10',5,NULL,NULL),(403,'checkbox','4',420,'0',76,207731923,'2020-09-07 13:11:10',5,NULL,NULL),(404,'checkbox','4',425,'0',76,207731923,'2020-09-07 13:11:10',5,NULL,NULL),(405,'checkbox','4',426,'0',76,207731923,'2020-09-07 13:11:10',5,NULL,NULL),(406,'checkbox','4',429,'0',76,207731923,'2020-09-07 13:11:10',5,NULL,NULL),(407,'checkbox','4',430,'0',76,207731923,'2020-09-07 13:11:10',5,NULL,NULL),(408,'checkbox','4',432,'0',76,207731923,'2020-09-07 13:11:10',5,NULL,NULL),(409,'checkbox','4',433,'0',76,207731923,'2020-09-07 13:11:10',5,NULL,NULL),(410,'checkbox','4',435,'0',76,207731923,'2020-09-07 13:11:10',5,NULL,NULL),(411,'checkbox','4',436,'0',76,207731923,'2020-09-07 13:11:10',5,NULL,NULL),(412,'checkbox','4',445,'0',76,207731923,'2020-09-07 13:11:10',5,NULL,NULL),(413,'checkbox','4',446,'0',76,207731923,'2020-09-07 13:11:10',5,NULL,NULL),(414,'checkbox','4',448,'0',76,207731923,'2020-09-07 13:11:10',5,NULL,NULL),(415,'checkbox','4',449,'0',76,207731923,'2020-09-07 13:11:10',5,NULL,NULL),(416,'checkbox','4',451,'0',76,207731923,'2020-09-07 13:11:10',5,NULL,NULL),(417,'checkbox','4',452,'0',76,207731923,'2020-09-07 13:11:10',5,NULL,NULL),(418,'text','1',527,'',93,1806579736,'2020-09-07 14:17:22',2,NULL,NULL),(419,'text','1',528,'',93,1806579736,'2020-09-07 14:17:22',2,NULL,NULL),(420,'text','1',529,'',93,1806579736,'2020-09-07 14:17:22',2,NULL,NULL),(421,'text','1',530,'',93,1806579736,'2020-09-07 14:17:22',2,NULL,NULL),(422,'text','1',531,'',93,1806579736,'2020-09-07 14:17:22',2,NULL,NULL),(423,'text','1',532,'',93,1806579736,'2020-09-07 14:17:22',2,NULL,NULL),(424,'text','1',533,'',93,1806579736,'2020-09-07 14:17:22',2,NULL,NULL),(425,'text','1',534,'',93,1806579736,'2020-09-07 14:17:22',2,NULL,NULL),(426,'text','1',535,'',93,1806579736,'2020-09-07 14:17:22',2,NULL,NULL),(427,'text','1',536,'',93,1806579736,'2020-09-07 14:17:22',2,NULL,NULL),(428,'text','1',537,'',93,1806579736,'2020-09-07 14:17:22',2,NULL,NULL),(429,'text','1',538,'',93,1806579736,'2020-09-07 14:17:22',2,NULL,NULL),(430,'text','2',539,'',93,1806579736,'2020-09-07 14:17:30',2,NULL,NULL),(431,'text','2',540,'',93,1806579736,'2020-09-07 14:17:30',2,NULL,NULL),(432,'text','2',541,'',93,1806579736,'2020-09-07 14:17:30',2,NULL,NULL),(433,'text','2',542,'',93,1806579736,'2020-09-07 14:17:30',2,NULL,NULL),(434,'text','2',543,'',93,1806579736,'2020-09-07 14:17:30',2,NULL,NULL),(435,'text','2',544,'',93,1806579736,'2020-09-07 14:17:30',2,NULL,NULL),(436,'text','2',545,'',93,1806579736,'2020-09-07 14:17:30',2,NULL,NULL),(437,'text','2',546,'',93,1806579736,'2020-09-07 14:17:30',2,NULL,NULL),(438,'text','2',547,'',93,1806579736,'2020-09-07 14:17:30',2,NULL,NULL),(439,'text','2',548,'',93,1806579736,'2020-09-07 14:17:30',2,NULL,NULL),(440,'text','2',549,'',93,1806579736,'2020-09-07 14:17:30',2,NULL,NULL),(441,'text','2',550,'',93,1806579736,'2020-09-07 14:17:30',2,NULL,NULL),(442,'radio','2',594,'0',93,1806579736,'2020-09-07 14:17:30',2,NULL,NULL),(443,'radio','2',595,'0',93,1806579736,'2020-09-07 14:17:30',2,NULL,NULL),(444,'radio','2',596,'0',93,1806579736,'2020-09-07 14:17:30',2,NULL,NULL),(445,'radio','2',597,'0',93,1806579736,'2020-09-07 14:17:30',2,NULL,NULL),(446,'radio','2',598,'0',93,1806579736,'2020-09-07 14:17:30',2,NULL,NULL),(447,'text','3',551,'',93,1806579736,'2020-09-07 14:17:31',2,NULL,NULL),(448,'text','3',552,'',93,1806579736,'2020-09-07 14:17:31',2,NULL,NULL),(449,'text','3',553,'',93,1806579736,'2020-09-07 14:17:31',2,NULL,NULL),(450,'text','3',554,'',93,1806579736,'2020-09-07 14:17:31',2,NULL,NULL),(451,'text','3',555,'',93,1806579736,'2020-09-07 14:17:31',2,NULL,NULL),(452,'date','3',556,'',93,1806579736,'2020-09-07 14:17:31',2,NULL,NULL),(453,'text','3',557,'',93,1806579736,'2020-09-07 14:17:31',2,NULL,NULL),(454,'text','3',558,'',93,1806579736,'2020-09-07 14:17:31',2,NULL,NULL),(455,'text','3',559,'',93,1806579736,'2020-09-07 14:17:31',2,NULL,NULL),(456,'text','3',560,'',93,1806579736,'2020-09-07 14:17:31',2,NULL,NULL),(457,'text','3',561,'',93,1806579736,'2020-09-07 14:17:31',2,NULL,NULL),(458,'text','3',562,'',93,1806579736,'2020-09-07 14:17:31',2,NULL,NULL),(459,'radio','3',600,'0',93,1806579736,'2020-09-07 14:17:31',2,NULL,NULL),(460,'radio','3',601,'0',93,1806579736,'2020-09-07 14:17:31',2,NULL,NULL),(461,'radio','3',602,'0',93,1806579736,'2020-09-07 14:17:31',2,NULL,NULL),(462,'radio','3',603,'0',93,1806579736,'2020-09-07 14:17:31',2,NULL,NULL),(463,'radio','3',604,'0',93,1806579736,'2020-09-07 14:17:31',2,NULL,NULL),(464,'radio','3',605,'0',93,1806579736,'2020-09-07 14:17:31',2,NULL,NULL),(465,'text','4',563,'',93,1806579736,'2020-09-07 14:17:33',2,NULL,NULL),(466,'text','4',564,'',93,1806579736,'2020-09-07 14:17:33',2,NULL,NULL),(467,'text','4',565,'',93,1806579736,'2020-09-07 14:17:33',2,NULL,NULL),(468,'text','4',566,'',93,1806579736,'2020-09-07 14:17:33',2,NULL,NULL),(469,'text','4',567,'',93,1806579736,'2020-09-07 14:17:33',2,NULL,NULL),(470,'date','4',568,'',93,1806579736,'2020-09-07 14:17:33',2,NULL,NULL),(471,'text','4',569,'',93,1806579736,'2020-09-07 14:17:33',2,NULL,NULL),(472,'text','4',570,'',93,1806579736,'2020-09-07 14:17:33',2,NULL,NULL),(473,'text','4',571,'',93,1806579736,'2020-09-07 14:17:34',2,NULL,NULL),(474,'text','4',572,'',93,1806579736,'2020-09-07 14:17:34',2,NULL,NULL),(475,'text','4',573,'',93,1806579736,'2020-09-07 14:17:34',2,NULL,NULL),(476,'text','4',574,'',93,1806579736,'2020-09-07 14:17:34',2,NULL,NULL),(477,'text','5',575,'',93,1806579736,'2020-09-07 14:17:36',2,NULL,NULL),(478,'text','5',576,'',93,1806579736,'2020-09-07 14:17:36',2,NULL,NULL),(479,'text','5',577,'',93,1806579736,'2020-09-07 14:17:36',2,NULL,NULL),(480,'text','5',578,'',93,1806579736,'2020-09-07 14:17:36',2,NULL,NULL),(481,'text','5',579,'',93,1806579736,'2020-09-07 14:17:36',2,NULL,NULL),(482,'text','5',580,'',93,1806579736,'2020-09-07 14:17:36',2,NULL,NULL),(483,'text','5',581,'',93,1806579736,'2020-09-07 14:17:36',2,NULL,NULL),(484,'text','5',582,'',93,1806579736,'2020-09-07 14:17:36',2,NULL,NULL),(485,'text','5',583,'',93,1806579736,'2020-09-07 14:17:36',2,NULL,NULL),(486,'text','5',584,'',93,1806579736,'2020-09-07 14:17:36',2,NULL,NULL),(487,'text','5',585,'',93,1806579736,'2020-09-07 14:17:36',2,NULL,NULL),(488,'text','5',586,'',93,1806579736,'2020-09-07 14:17:37',2,NULL,NULL),(489,'text','5',592,'',93,1806579736,'2020-09-07 14:17:37',2,NULL,NULL),(566,'text','1',527,'Bhavesh',93,152407402,'2020-09-15 05:53:46',8,NULL,NULL),(567,'text','1',528,'9712596441',93,152407402,'2020-09-15 05:53:46',8,NULL,NULL),(568,'text','1',529,'',93,152407402,'2020-09-15 05:53:46',8,NULL,NULL),(569,'text','1',530,'bhavesh2193@gmail.com',93,152407402,'2020-09-15 05:53:46',8,NULL,NULL),(570,'text','1',531,'Bhavesh Bhanushali',93,152407402,'2020-09-15 05:53:46',8,NULL,NULL),(571,'text','1',532,'',93,152407402,'2020-09-15 05:53:46',8,NULL,NULL),(572,'text','1',533,'Muralidhar Complex',93,152407402,'2020-09-15 05:53:46',8,NULL,NULL),(573,'text','1',534,'Bhilad',93,152407402,'2020-09-15 05:53:46',8,NULL,NULL),(574,'text','1',535,'Gujarat',93,152407402,'2020-09-15 05:53:46',8,NULL,NULL),(575,'text','1',536,'396105',93,152407402,'2020-09-15 05:53:46',8,NULL,NULL),(576,'text','1',537,'',93,152407402,'2020-09-15 05:53:46',8,NULL,NULL),(577,'text','1',538,'',93,152407402,'2020-09-15 05:53:46',8,NULL,NULL),(578,'text','2',539,'4579231',93,152407402,'2020-09-15 05:53:46',8,NULL,NULL),(579,'text','2',540,'09-01-2020',93,152407402,'2020-09-15 05:53:46',8,NULL,NULL),(580,'text','2',541,'',93,152407402,'2020-09-15 05:53:46',8,NULL,NULL),(581,'text','2',542,'',93,152407402,'2020-09-15 05:53:46',8,NULL,NULL),(582,'text','2',543,'',93,152407402,'2020-09-15 05:53:46',8,NULL,NULL),(583,'text','2',544,'',93,152407402,'2020-09-15 05:53:46',8,NULL,NULL),(584,'text','2',545,'',93,152407402,'2020-09-15 05:53:46',8,NULL,NULL),(585,'text','2',546,'',93,152407402,'2020-09-15 05:53:46',8,NULL,NULL),(586,'text','2',547,'',93,152407402,'2020-09-15 05:53:46',8,NULL,NULL),(587,'text','2',548,'',93,152407402,'2020-09-15 05:53:46',8,NULL,NULL),(588,'text','2',549,'',93,152407402,'2020-09-15 05:53:46',8,NULL,NULL),(589,'text','2',550,'',93,152407402,'2020-09-15 05:53:46',8,NULL,NULL),(590,'text','3',551,'',93,152407402,'2020-09-15 05:53:46',8,NULL,NULL),(591,'text','3',552,'',93,152407402,'2020-09-15 05:53:46',8,NULL,NULL),(592,'text','3',553,'',93,152407402,'2020-09-15 05:53:46',8,NULL,NULL),(593,'text','3',554,'',93,152407402,'2020-09-15 05:53:46',8,NULL,NULL),(594,'text','3',555,'',93,152407402,'2020-09-15 05:53:46',8,NULL,NULL),(595,'date','3',556,'',93,152407402,'2020-09-15 05:53:46',8,NULL,NULL),(596,'text','3',557,'',93,152407402,'2020-09-15 05:53:46',8,NULL,NULL),(597,'text','3',558,'',93,152407402,'2020-09-15 05:53:46',8,NULL,NULL),(598,'text','3',559,'',93,152407402,'2020-09-15 05:53:46',8,NULL,NULL),(599,'text','3',560,'',93,152407402,'2020-09-15 05:53:46',8,NULL,NULL),(600,'text','3',561,'',93,152407402,'2020-09-15 05:53:46',8,NULL,NULL),(601,'text','3',562,'',93,152407402,'2020-09-15 05:53:46',8,NULL,NULL),(602,'text','4',563,'',93,152407402,'2020-09-15 05:53:46',8,NULL,NULL),(603,'text','4',564,'',93,152407402,'2020-09-15 05:53:46',8,NULL,NULL),(604,'text','4',565,'',93,152407402,'2020-09-15 05:53:46',8,NULL,NULL),(605,'text','4',566,'',93,152407402,'2020-09-15 05:53:46',8,NULL,NULL),(606,'text','4',567,'',93,152407402,'2020-09-15 05:53:46',8,NULL,NULL),(607,'date','4',568,'',93,152407402,'2020-09-15 05:53:46',8,NULL,NULL),(608,'text','4',569,'',93,152407402,'2020-09-15 05:53:46',8,NULL,NULL),(609,'text','4',570,'',93,152407402,'2020-09-15 05:53:46',8,NULL,NULL),(610,'text','4',571,'',93,152407402,'2020-09-15 05:53:46',8,NULL,NULL),(611,'text','4',572,'',93,152407402,'2020-09-15 05:53:46',8,NULL,NULL),(612,'text','4',573,'',93,152407402,'2020-09-15 05:53:46',8,NULL,NULL),(613,'text','4',574,'',93,152407402,'2020-09-15 05:53:46',8,NULL,NULL),(614,'text','5',575,'',93,152407402,'2020-09-15 05:53:46',8,NULL,NULL),(615,'text','5',576,'',93,152407402,'2020-09-15 05:53:46',8,NULL,NULL),(616,'text','5',577,'',93,152407402,'2020-09-15 05:53:46',8,NULL,NULL),(617,'text','5',578,'',93,152407402,'2020-09-15 05:53:46',8,NULL,NULL),(618,'text','5',579,'',93,152407402,'2020-09-15 05:53:46',8,NULL,NULL),(619,'text','5',580,'',93,152407402,'2020-09-15 05:53:46',8,NULL,NULL),(620,'text','5',581,'',93,152407402,'2020-09-15 05:53:46',8,NULL,NULL),(621,'text','5',582,'',93,152407402,'2020-09-15 05:53:46',8,NULL,NULL),(622,'text','5',583,'',93,152407402,'2020-09-15 05:53:46',8,NULL,NULL),(623,'text','5',584,'',93,152407402,'2020-09-15 05:53:46',8,NULL,NULL),(624,'text','5',585,'',93,152407402,'2020-09-15 05:53:46',8,NULL,NULL),(625,'text','5',586,'',93,152407402,'2020-09-15 05:53:46',8,NULL,NULL),(626,'text','5',592,'',93,152407402,'2020-09-15 05:53:46',8,NULL,NULL),(627,'text','6',587,'Bhavesh Bhanushali',93,152407402,'2020-09-15 05:53:46',8,NULL,NULL),(628,'text','6',588,'Bhavesh Bhanushli',93,152407402,'2020-09-15 05:53:46',8,NULL,NULL),(629,'date','6',589,'09-15-2020',93,152407402,'2020-09-15 05:53:46',8,NULL,NULL),(630,'date','6',590,'09-15-2020',93,152407402,'2020-09-15 05:53:46',8,NULL,NULL),(631,'radio','2',594,'0',93,152407402,'2020-09-15 05:53:46',8,NULL,NULL),(632,'radio','2',595,'0',93,152407402,'2020-09-15 05:53:46',8,NULL,NULL),(633,'radio','2',596,'0',93,152407402,'2020-09-15 05:53:46',8,NULL,NULL),(634,'radio','2',597,'0',93,152407402,'2020-09-15 05:53:46',8,NULL,NULL),(635,'radio','2',598,'0',93,152407402,'2020-09-15 05:53:46',8,NULL,NULL),(636,'radio','3',600,'0',93,152407402,'2020-09-15 05:53:46',8,NULL,NULL),(637,'radio','3',601,'0',93,152407402,'2020-09-15 05:53:46',8,NULL,NULL),(638,'radio','3',602,'0',93,152407402,'2020-09-15 05:53:46',8,NULL,NULL),(639,'radio','3',603,'0',93,152407402,'2020-09-15 05:53:46',8,NULL,NULL),(640,'radio','3',604,'0',93,152407402,'2020-09-15 05:53:46',8,NULL,NULL),(641,'radio','3',605,'0',93,152407402,'2020-09-15 05:53:46',8,NULL,NULL),(794,'text','1',527,'Bhavesh',93,178065433,'2020-09-15 06:06:37',8,NULL,NULL),(795,'text','1',528,'9712596441',93,178065433,'2020-09-15 06:06:37',8,NULL,NULL),(796,'text','1',529,'',93,178065433,'2020-09-15 06:06:37',8,NULL,NULL),(797,'text','1',530,'bhavesh2193@gmail.com',93,178065433,'2020-09-15 06:06:37',8,NULL,NULL),(798,'text','1',531,'Bhavesh Bhanushali',93,178065433,'2020-09-15 06:06:37',8,NULL,NULL),(799,'text','1',532,'',93,178065433,'2020-09-15 06:06:37',8,NULL,NULL),(800,'text','1',533,'Muralidhar Complex',93,178065433,'2020-09-15 06:06:37',8,NULL,NULL),(801,'text','1',534,'Bhilad',93,178065433,'2020-09-15 06:06:37',8,NULL,NULL),(802,'text','1',535,'Gujarat',93,178065433,'2020-09-15 06:06:37',8,NULL,NULL),(803,'text','1',536,'396105',93,178065433,'2020-09-15 06:06:37',8,NULL,NULL),(804,'text','1',537,'',93,178065433,'2020-09-15 06:06:37',8,NULL,NULL),(805,'text','1',538,'',93,178065433,'2020-09-15 06:06:37',8,NULL,NULL),(806,'text','2',539,'4579231',93,178065433,'2020-09-15 06:06:37',8,NULL,NULL),(807,'text','2',540,'09-01-2020',93,178065433,'2020-09-15 06:06:37',8,NULL,NULL),(808,'text','2',541,'',93,178065433,'2020-09-15 06:06:37',8,NULL,NULL),(809,'text','2',542,'',93,178065433,'2020-09-15 06:06:37',8,NULL,NULL),(810,'text','2',543,'',93,178065433,'2020-09-15 06:06:37',8,NULL,NULL),(811,'text','2',544,'',93,178065433,'2020-09-15 06:06:37',8,NULL,NULL),(812,'text','2',545,'',93,178065433,'2020-09-15 06:06:37',8,NULL,NULL),(813,'text','2',546,'',93,178065433,'2020-09-15 06:06:37',8,NULL,NULL),(814,'text','2',547,'',93,178065433,'2020-09-15 06:06:37',8,NULL,NULL),(815,'text','2',548,'',93,178065433,'2020-09-15 06:06:37',8,NULL,NULL),(816,'text','2',549,'',93,178065433,'2020-09-15 06:06:37',8,NULL,NULL),(817,'text','2',550,'',93,178065433,'2020-09-15 06:06:37',8,NULL,NULL),(818,'text','3',551,'',93,178065433,'2020-09-15 06:06:37',8,NULL,NULL),(819,'text','3',552,'',93,178065433,'2020-09-15 06:06:37',8,NULL,NULL),(820,'text','3',553,'',93,178065433,'2020-09-15 06:06:37',8,NULL,NULL),(821,'text','3',554,'',93,178065433,'2020-09-15 06:06:37',8,NULL,NULL),(822,'text','3',555,'',93,178065433,'2020-09-15 06:06:37',8,NULL,NULL),(823,'date','3',556,'',93,178065433,'2020-09-15 06:06:37',8,NULL,NULL),(824,'text','3',557,'',93,178065433,'2020-09-15 06:06:37',8,NULL,NULL),(825,'text','3',558,'',93,178065433,'2020-09-15 06:06:37',8,NULL,NULL),(826,'text','3',559,'',93,178065433,'2020-09-15 06:06:37',8,NULL,NULL),(827,'text','3',560,'',93,178065433,'2020-09-15 06:06:37',8,NULL,NULL),(828,'text','3',561,'',93,178065433,'2020-09-15 06:06:37',8,NULL,NULL),(829,'text','3',562,'',93,178065433,'2020-09-15 06:06:37',8,NULL,NULL),(830,'text','4',563,'',93,178065433,'2020-09-15 06:06:37',8,NULL,NULL),(831,'text','4',564,'',93,178065433,'2020-09-15 06:06:37',8,NULL,NULL),(832,'text','4',565,'',93,178065433,'2020-09-15 06:06:37',8,NULL,NULL),(833,'text','4',566,'',93,178065433,'2020-09-15 06:06:37',8,NULL,NULL),(834,'text','4',567,'',93,178065433,'2020-09-15 06:06:37',8,NULL,NULL),(835,'date','4',568,'',93,178065433,'2020-09-15 06:06:37',8,NULL,NULL),(836,'text','4',569,'',93,178065433,'2020-09-15 06:06:37',8,NULL,NULL),(837,'text','4',570,'',93,178065433,'2020-09-15 06:06:37',8,NULL,NULL),(838,'text','4',571,'',93,178065433,'2020-09-15 06:06:37',8,NULL,NULL),(839,'text','4',572,'',93,178065433,'2020-09-15 06:06:37',8,NULL,NULL),(840,'text','4',573,'',93,178065433,'2020-09-15 06:06:37',8,NULL,NULL),(841,'text','4',574,'',93,178065433,'2020-09-15 06:06:37',8,NULL,NULL),(842,'text','5',575,'',93,178065433,'2020-09-15 06:06:37',8,NULL,NULL),(843,'text','5',576,'',93,178065433,'2020-09-15 06:06:37',8,NULL,NULL),(844,'text','5',577,'',93,178065433,'2020-09-15 06:06:37',8,NULL,NULL),(845,'text','5',578,'',93,178065433,'2020-09-15 06:06:37',8,NULL,NULL),(846,'text','5',579,'',93,178065433,'2020-09-15 06:06:37',8,NULL,NULL),(847,'text','5',580,'',93,178065433,'2020-09-15 06:06:37',8,NULL,NULL),(848,'text','5',581,'',93,178065433,'2020-09-15 06:06:37',8,NULL,NULL),(849,'text','5',582,'',93,178065433,'2020-09-15 06:06:37',8,NULL,NULL),(850,'text','5',583,'',93,178065433,'2020-09-15 06:06:37',8,NULL,NULL),(851,'text','5',584,'',93,178065433,'2020-09-15 06:06:37',8,NULL,NULL),(852,'text','5',585,'',93,178065433,'2020-09-15 06:06:37',8,NULL,NULL),(853,'text','5',586,'',93,178065433,'2020-09-15 06:06:37',8,NULL,NULL),(854,'text','5',592,'',93,178065433,'2020-09-15 06:06:37',8,NULL,NULL),(855,'text','6',587,'Bhavesh Bhanushali',93,178065433,'2020-09-15 06:06:37',8,NULL,NULL),(856,'text','6',588,'Bhavesh Bhanushli',93,178065433,'2020-09-15 06:06:37',8,NULL,NULL),(857,'date','6',589,'09-15-2020',93,178065433,'2020-09-15 06:06:37',8,NULL,NULL),(858,'date','6',590,'09-15-2020',93,178065433,'2020-09-15 06:06:37',8,NULL,NULL),(859,'radio','2',594,'0',93,178065433,'2020-09-15 06:06:37',8,NULL,NULL),(860,'radio','2',595,'0',93,178065433,'2020-09-15 06:06:37',8,NULL,NULL),(861,'radio','2',596,'0',93,178065433,'2020-09-15 06:06:37',8,NULL,NULL),(862,'radio','2',597,'0',93,178065433,'2020-09-15 06:06:37',8,NULL,NULL),(863,'radio','2',598,'0',93,178065433,'2020-09-15 06:06:37',8,NULL,NULL),(864,'radio','3',600,'0',93,178065433,'2020-09-15 06:06:37',8,NULL,NULL),(865,'radio','3',601,'0',93,178065433,'2020-09-15 06:06:37',8,NULL,NULL),(866,'radio','3',602,'0',93,178065433,'2020-09-15 06:06:37',8,NULL,NULL),(867,'radio','3',603,'0',93,178065433,'2020-09-15 06:06:37',8,NULL,NULL),(868,'radio','3',604,'0',93,178065433,'2020-09-15 06:06:37',8,NULL,NULL),(869,'radio','3',605,'0',93,178065433,'2020-09-15 06:06:37',8,NULL,NULL),(1062,'text','1',367,'BEATEE',76,684155305,'2020-09-15 06:59:30',10,NULL,NULL),(1063,'text','1',368,'Test',76,684155305,'2020-09-15 06:59:30',10,NULL,NULL),(1064,'text','1',369,'',76,684155305,'2020-09-15 06:59:30',10,NULL,NULL),(1065,'text','1',375,'',76,684155305,'2020-09-15 06:59:30',10,NULL,NULL),(1066,'date','1',376,'',76,684155305,'2020-09-15 06:59:30',10,NULL,NULL),(1067,'text','1',377,'',76,684155305,'2020-09-15 06:59:30',10,NULL,NULL),(1068,'text','1',438,'',76,684155305,'2020-09-15 06:59:30',10,NULL,NULL),(1069,'text','1',439,'fsdfds',76,684155305,'2020-09-15 06:59:30',10,NULL,NULL),(1070,'text','1',440,'',76,684155305,'2020-09-15 06:59:30',10,NULL,NULL),(1071,'text','1',441,'sdff',76,684155305,'2020-09-15 06:59:30',10,NULL,NULL),(1072,'text','1',442,'',76,684155305,'2020-09-15 06:59:30',10,NULL,NULL),(1073,'text','1',443,'sdfds',76,684155305,'2020-09-15 06:59:30',10,NULL,NULL),(1074,'text','3',399,'',76,684155305,'2020-09-15 06:59:30',10,NULL,NULL),(1075,'text','3',415,'sdfdsf',76,684155305,'2020-09-15 06:59:30',10,NULL,NULL),(1076,'text','3',416,'',76,684155305,'2020-09-15 06:59:30',10,NULL,NULL),(1077,'date','5',371,'09-03-2020',76,684155305,'2020-09-15 06:59:30',10,NULL,NULL),(1078,'text','5',372,'Test',76,684155305,'2020-09-15 06:59:30',10,NULL,NULL),(1079,'text','5',457,'sdfdfdsfd',76,684155305,'2020-09-15 06:59:30',10,NULL,NULL),(1080,'checkbox','1',461,'0',76,684155305,'2020-09-15 06:59:30',10,NULL,NULL),(1081,'checkbox','1',462,'0',76,684155305,'2020-09-15 06:59:30',10,NULL,NULL),(1082,'checkbox','1',464,'0',76,684155305,'2020-09-15 06:59:30',10,NULL,NULL),(1083,'checkbox','1',465,'0',76,684155305,'2020-09-15 06:59:30',10,NULL,NULL),(1084,'checkbox','2',471,'0',76,684155305,'2020-09-15 06:59:30',10,NULL,NULL),(1085,'checkbox','2',472,'0',76,684155305,'2020-09-15 06:59:30',10,NULL,NULL),(1086,'checkbox','2',474,'0',76,684155305,'2020-09-15 06:59:30',10,NULL,NULL),(1087,'checkbox','2',475,'0',76,684155305,'2020-09-15 06:59:30',10,NULL,NULL),(1088,'checkbox','2',477,'0',76,684155305,'2020-09-15 06:59:30',10,NULL,NULL),(1089,'checkbox','2',478,'0',76,684155305,'2020-09-15 06:59:30',10,NULL,NULL),(1090,'checkbox','2',480,'0',76,684155305,'2020-09-15 06:59:30',10,NULL,NULL),(1091,'checkbox','2',481,'0',76,684155305,'2020-09-15 06:59:30',10,NULL,NULL),(1092,'checkbox','2',483,'0',76,684155305,'2020-09-15 06:59:30',10,NULL,NULL),(1093,'checkbox','2',484,'0',76,684155305,'2020-09-15 06:59:30',10,NULL,NULL),(1094,'checkbox','3',379,'0',76,684155305,'2020-09-15 06:59:30',10,NULL,NULL),(1095,'checkbox','3',380,'0',76,684155305,'2020-09-15 06:59:30',10,NULL,NULL),(1096,'checkbox','3',388,'0',76,684155305,'2020-09-15 06:59:30',10,NULL,NULL),(1097,'checkbox','3',389,'0',76,684155305,'2020-09-15 06:59:30',10,NULL,NULL),(1098,'checkbox','3',394,'0',76,684155305,'2020-09-15 06:59:30',10,NULL,NULL),(1099,'checkbox','3',395,'0',76,684155305,'2020-09-15 06:59:30',10,NULL,NULL),(1100,'checkbox','3',397,'0',76,684155305,'2020-09-15 06:59:30',10,NULL,NULL),(1101,'checkbox','3',398,'0',76,684155305,'2020-09-15 06:59:30',10,NULL,NULL),(1102,'checkbox','3',401,'0',76,684155305,'2020-09-15 06:59:30',10,NULL,NULL),(1103,'checkbox','3',402,'0',76,684155305,'2020-09-15 06:59:30',10,NULL,NULL),(1104,'checkbox','3',404,'0',76,684155305,'2020-09-15 06:59:30',10,NULL,NULL),(1105,'checkbox','3',405,'0',76,684155305,'2020-09-15 06:59:30',10,NULL,NULL),(1106,'checkbox','3',455,'0',76,684155305,'2020-09-15 06:59:30',10,NULL,NULL),(1107,'checkbox','3',456,'0',76,684155305,'2020-09-15 06:59:30',10,NULL,NULL),(1108,'checkbox','3',467,'0',76,684155305,'2020-09-15 06:59:30',10,NULL,NULL),(1109,'checkbox','3',468,'0',76,684155305,'2020-09-15 06:59:30',10,NULL,NULL),(1110,'checkbox','4',419,'0',76,684155305,'2020-09-15 06:59:30',10,NULL,NULL),(1111,'checkbox','4',420,'0',76,684155305,'2020-09-15 06:59:30',10,NULL,NULL),(1112,'checkbox','4',425,'0',76,684155305,'2020-09-15 06:59:30',10,NULL,NULL),(1113,'checkbox','4',426,'0',76,684155305,'2020-09-15 06:59:30',10,NULL,NULL),(1114,'checkbox','4',429,'0',76,684155305,'2020-09-15 06:59:30',10,NULL,NULL),(1115,'checkbox','4',430,'0',76,684155305,'2020-09-15 06:59:30',10,NULL,NULL),(1116,'checkbox','4',432,'0',76,684155305,'2020-09-15 06:59:30',10,NULL,NULL),(1117,'checkbox','4',433,'0',76,684155305,'2020-09-15 06:59:30',10,NULL,NULL),(1118,'checkbox','4',435,'0',76,684155305,'2020-09-15 06:59:30',10,NULL,NULL),(1119,'checkbox','4',436,'0',76,684155305,'2020-09-15 06:59:30',10,NULL,NULL),(1120,'checkbox','4',445,'0',76,684155305,'2020-09-15 06:59:30',10,NULL,NULL),(1121,'checkbox','4',446,'0',76,684155305,'2020-09-15 06:59:30',10,NULL,NULL),(1122,'checkbox','4',448,'0',76,684155305,'2020-09-15 06:59:30',10,NULL,NULL),(1123,'checkbox','4',449,'0',76,684155305,'2020-09-15 06:59:30',10,NULL,NULL),(1124,'checkbox','4',451,'0',76,684155305,'2020-09-15 06:59:30',10,NULL,NULL),(1125,'checkbox','4',452,'0',76,684155305,'2020-09-15 06:59:30',10,NULL,NULL),(1190,'text','1',367,'asfsaf',76,1108162177,'2020-09-25 13:09:38',11,NULL,NULL),(1191,'text','1',368,'Ani Pandeysdfds',76,1108162177,'2020-09-25 13:09:38',11,NULL,NULL),(1192,'text','1',369,'',76,1108162177,'2020-09-25 13:09:38',11,NULL,NULL),(1193,'text','1',375,'',76,1108162177,'2020-09-25 13:09:38',11,NULL,NULL),(1194,'date','1',376,'',76,1108162177,'2020-09-25 13:09:38',11,NULL,NULL),(1195,'text','1',377,'',76,1108162177,'2020-09-25 13:09:38',11,NULL,NULL),(1196,'text','1',438,'',76,1108162177,'2020-09-25 13:09:38',11,NULL,NULL),(1197,'text','1',439,'asdas',76,1108162177,'2020-09-25 13:09:38',11,NULL,NULL),(1198,'text','1',440,'',76,1108162177,'2020-09-25 13:09:38',11,NULL,NULL),(1199,'text','1',441,'asfaf',76,1108162177,'2020-09-25 13:09:38',11,NULL,NULL),(1200,'text','1',442,'',76,1108162177,'2020-09-25 13:09:38',11,NULL,NULL),(1201,'text','1',443,'asfa',76,1108162177,'2020-09-25 13:09:38',11,NULL,NULL),(1202,'text','3',399,'',76,1108162177,'2020-09-25 13:09:38',11,NULL,NULL),(1203,'text','3',415,'asdsad',76,1108162177,'2020-09-25 13:09:38',11,NULL,NULL),(1204,'text','3',416,'',76,1108162177,'2020-09-25 13:09:38',11,NULL,NULL),(1205,'date','5',371,'',76,1108162177,'2020-09-25 13:09:38',11,NULL,NULL),(1206,'text','5',372,'Ani Pandey',76,1108162177,'2020-09-25 13:09:38',11,NULL,NULL),(1207,'text','5',457,'',76,1108162177,'2020-09-25 13:09:38',11,NULL,NULL),(1208,'checkbox','1',461,'0',76,1108162177,'2020-09-25 13:09:38',11,NULL,NULL),(1209,'checkbox','1',462,'0',76,1108162177,'2020-09-25 13:09:38',11,NULL,NULL),(1210,'checkbox','1',464,'0',76,1108162177,'2020-09-25 13:09:38',11,NULL,NULL),(1211,'checkbox','1',465,'0',76,1108162177,'2020-09-25 13:09:38',11,NULL,NULL),(1212,'checkbox','2',471,'0',76,1108162177,'2020-09-25 13:09:38',11,NULL,NULL),(1213,'checkbox','2',472,'0',76,1108162177,'2020-09-25 13:09:38',11,NULL,NULL),(1214,'checkbox','2',474,'0',76,1108162177,'2020-09-25 13:09:38',11,NULL,NULL),(1215,'checkbox','2',475,'0',76,1108162177,'2020-09-25 13:09:38',11,NULL,NULL),(1216,'checkbox','2',477,'0',76,1108162177,'2020-09-25 13:09:38',11,NULL,NULL),(1217,'checkbox','2',478,'0',76,1108162177,'2020-09-25 13:09:38',11,NULL,NULL),(1218,'checkbox','2',480,'0',76,1108162177,'2020-09-25 13:09:38',11,NULL,NULL),(1219,'checkbox','2',481,'0',76,1108162177,'2020-09-25 13:09:38',11,NULL,NULL),(1220,'checkbox','2',483,'0',76,1108162177,'2020-09-25 13:09:38',11,NULL,NULL),(1221,'checkbox','2',484,'0',76,1108162177,'2020-09-25 13:09:38',11,NULL,NULL),(1222,'checkbox','3',379,'0',76,1108162177,'2020-09-25 13:09:38',11,NULL,NULL),(1223,'checkbox','3',380,'0',76,1108162177,'2020-09-25 13:09:38',11,NULL,NULL),(1224,'checkbox','3',388,'0',76,1108162177,'2020-09-25 13:09:38',11,NULL,NULL),(1225,'checkbox','3',389,'0',76,1108162177,'2020-09-25 13:09:38',11,NULL,NULL),(1226,'checkbox','3',394,'0',76,1108162177,'2020-09-25 13:09:38',11,NULL,NULL),(1227,'checkbox','3',395,'0',76,1108162177,'2020-09-25 13:09:38',11,NULL,NULL),(1228,'checkbox','3',397,'0',76,1108162177,'2020-09-25 13:09:38',11,NULL,NULL),(1229,'checkbox','3',398,'0',76,1108162177,'2020-09-25 13:09:38',11,NULL,NULL),(1230,'checkbox','3',401,'0',76,1108162177,'2020-09-25 13:09:38',11,NULL,NULL),(1231,'checkbox','3',402,'0',76,1108162177,'2020-09-25 13:09:38',11,NULL,NULL),(1232,'checkbox','3',404,'0',76,1108162177,'2020-09-25 13:09:38',11,NULL,NULL),(1233,'checkbox','3',405,'0',76,1108162177,'2020-09-25 13:09:38',11,NULL,NULL),(1234,'checkbox','3',455,'0',76,1108162177,'2020-09-25 13:09:38',11,NULL,NULL),(1235,'checkbox','3',456,'0',76,1108162177,'2020-09-25 13:09:38',11,NULL,NULL),(1236,'checkbox','3',467,'0',76,1108162177,'2020-09-25 13:09:38',11,NULL,NULL),(1237,'checkbox','3',468,'0',76,1108162177,'2020-09-25 13:09:38',11,NULL,NULL),(1238,'checkbox','4',419,'0',76,1108162177,'2020-09-25 13:09:38',11,NULL,NULL),(1239,'checkbox','4',420,'0',76,1108162177,'2020-09-25 13:09:38',11,NULL,NULL),(1240,'checkbox','4',425,'0',76,1108162177,'2020-09-25 13:09:38',11,NULL,NULL),(1241,'checkbox','4',426,'0',76,1108162177,'2020-09-25 13:09:38',11,NULL,NULL),(1242,'checkbox','4',429,'0',76,1108162177,'2020-09-25 13:09:38',11,NULL,NULL),(1243,'checkbox','4',430,'0',76,1108162177,'2020-09-25 13:09:38',11,NULL,NULL),(1244,'checkbox','4',432,'0',76,1108162177,'2020-09-25 13:09:38',11,NULL,NULL),(1245,'checkbox','4',433,'0',76,1108162177,'2020-09-25 13:09:38',11,NULL,NULL),(1246,'checkbox','4',435,'0',76,1108162177,'2020-09-25 13:09:38',11,NULL,NULL),(1247,'checkbox','4',436,'0',76,1108162177,'2020-09-25 13:09:38',11,NULL,NULL),(1248,'checkbox','4',445,'0',76,1108162177,'2020-09-25 13:09:38',11,NULL,NULL),(1249,'checkbox','4',446,'0',76,1108162177,'2020-09-25 13:09:38',11,NULL,NULL),(1250,'checkbox','4',448,'0',76,1108162177,'2020-09-25 13:09:38',11,NULL,NULL),(1251,'checkbox','4',449,'0',76,1108162177,'2020-09-25 13:09:38',11,NULL,NULL),(1252,'checkbox','4',451,'0',76,1108162177,'2020-09-25 13:09:38',11,NULL,NULL),(1253,'checkbox','4',452,'0',76,1108162177,'2020-09-25 13:09:38',11,NULL,NULL),(1318,'text','1',367,'sdfdsfd',76,457761628,'2020-09-29 08:59:31',12,NULL,NULL),(1319,'text','1',368,'Test for demo',76,457761628,'2020-09-29 08:59:31',12,NULL,NULL),(1320,'text','1',369,'',76,457761628,'2020-09-29 08:59:31',12,NULL,NULL),(1321,'text','1',375,'',76,457761628,'2020-09-29 08:59:31',12,NULL,NULL),(1322,'date','1',376,'',76,457761628,'2020-09-29 08:59:31',12,NULL,NULL),(1323,'text','1',377,'',76,457761628,'2020-09-29 08:59:31',12,NULL,NULL),(1324,'text','1',438,'',76,457761628,'2020-09-29 08:59:31',12,NULL,NULL),(1325,'text','1',439,'12',76,457761628,'2020-09-29 08:59:31',12,NULL,NULL),(1326,'text','1',440,'',76,457761628,'2020-09-29 08:59:31',12,NULL,NULL),(1327,'text','1',441,'fdf',76,457761628,'2020-09-29 08:59:31',12,NULL,NULL),(1328,'text','1',442,'',76,457761628,'2020-09-29 08:59:31',12,NULL,NULL),(1329,'text','1',443,'fdf',76,457761628,'2020-09-29 08:59:31',12,NULL,NULL),(1330,'text','3',399,'',76,457761628,'2020-09-29 08:59:31',12,NULL,NULL),(1331,'text','3',415,'dsfdf',76,457761628,'2020-09-29 08:59:31',12,NULL,NULL),(1332,'text','3',416,'',76,457761628,'2020-09-29 08:59:31',12,NULL,NULL),(1333,'date','5',371,'09-11-2020',76,457761628,'2020-09-29 08:59:31',12,NULL,NULL),(1334,'text','5',372,'Test for demo',76,457761628,'2020-09-29 08:59:31',12,NULL,NULL),(1335,'text','5',457,'',76,457761628,'2020-09-29 08:59:31',12,NULL,NULL),(1336,'checkbox','1',461,'0',76,457761628,'2020-09-29 08:59:31',12,NULL,NULL),(1337,'checkbox','1',462,'0',76,457761628,'2020-09-29 08:59:31',12,NULL,NULL),(1338,'checkbox','1',464,'0',76,457761628,'2020-09-29 08:59:31',12,NULL,NULL),(1339,'checkbox','1',465,'0',76,457761628,'2020-09-29 08:59:31',12,NULL,NULL),(1340,'checkbox','2',471,'0',76,457761628,'2020-09-29 08:59:31',12,NULL,NULL),(1341,'checkbox','2',472,'0',76,457761628,'2020-09-29 08:59:31',12,NULL,NULL),(1342,'checkbox','2',474,'0',76,457761628,'2020-09-29 08:59:31',12,NULL,NULL),(1343,'checkbox','2',475,'0',76,457761628,'2020-09-29 08:59:31',12,NULL,NULL),(1344,'checkbox','2',477,'0',76,457761628,'2020-09-29 08:59:31',12,NULL,NULL),(1345,'checkbox','2',478,'0',76,457761628,'2020-09-29 08:59:31',12,NULL,NULL),(1346,'checkbox','2',480,'0',76,457761628,'2020-09-29 08:59:31',12,NULL,NULL),(1347,'checkbox','2',481,'0',76,457761628,'2020-09-29 08:59:31',12,NULL,NULL),(1348,'checkbox','2',483,'0',76,457761628,'2020-09-29 08:59:31',12,NULL,NULL),(1349,'checkbox','2',484,'0',76,457761628,'2020-09-29 08:59:31',12,NULL,NULL),(1350,'checkbox','3',379,'0',76,457761628,'2020-09-29 08:59:31',12,NULL,NULL),(1351,'checkbox','3',380,'0',76,457761628,'2020-09-29 08:59:31',12,NULL,NULL),(1352,'checkbox','3',388,'0',76,457761628,'2020-09-29 08:59:31',12,NULL,NULL),(1353,'checkbox','3',389,'0',76,457761628,'2020-09-29 08:59:31',12,NULL,NULL),(1354,'checkbox','3',394,'0',76,457761628,'2020-09-29 08:59:31',12,NULL,NULL),(1355,'checkbox','3',395,'0',76,457761628,'2020-09-29 08:59:31',12,NULL,NULL),(1356,'checkbox','3',397,'0',76,457761628,'2020-09-29 08:59:31',12,NULL,NULL),(1357,'checkbox','3',398,'0',76,457761628,'2020-09-29 08:59:31',12,NULL,NULL),(1358,'checkbox','3',401,'0',76,457761628,'2020-09-29 08:59:31',12,NULL,NULL),(1359,'checkbox','3',402,'0',76,457761628,'2020-09-29 08:59:31',12,NULL,NULL),(1360,'checkbox','3',404,'0',76,457761628,'2020-09-29 08:59:31',12,NULL,NULL),(1361,'checkbox','3',405,'0',76,457761628,'2020-09-29 08:59:31',12,NULL,NULL),(1362,'checkbox','3',455,'0',76,457761628,'2020-09-29 08:59:31',12,NULL,NULL),(1363,'checkbox','3',456,'0',76,457761628,'2020-09-29 08:59:31',12,NULL,NULL),(1364,'checkbox','3',467,'0',76,457761628,'2020-09-29 08:59:31',12,NULL,NULL),(1365,'checkbox','3',468,'0',76,457761628,'2020-09-29 08:59:31',12,NULL,NULL),(1366,'checkbox','4',419,'0',76,457761628,'2020-09-29 08:59:31',12,NULL,NULL),(1367,'checkbox','4',420,'0',76,457761628,'2020-09-29 08:59:31',12,NULL,NULL),(1368,'checkbox','4',425,'0',76,457761628,'2020-09-29 08:59:31',12,NULL,NULL),(1369,'checkbox','4',426,'0',76,457761628,'2020-09-29 08:59:31',12,NULL,NULL),(1370,'checkbox','4',429,'0',76,457761628,'2020-09-29 08:59:31',12,NULL,NULL),(1371,'checkbox','4',430,'0',76,457761628,'2020-09-29 08:59:31',12,NULL,NULL),(1372,'checkbox','4',432,'0',76,457761628,'2020-09-29 08:59:31',12,NULL,NULL),(1373,'checkbox','4',433,'0',76,457761628,'2020-09-29 08:59:31',12,NULL,NULL),(1374,'checkbox','4',435,'0',76,457761628,'2020-09-29 08:59:31',12,NULL,NULL),(1375,'checkbox','4',436,'0',76,457761628,'2020-09-29 08:59:31',12,NULL,NULL),(1376,'checkbox','4',445,'0',76,457761628,'2020-09-29 08:59:31',12,NULL,NULL),(1377,'checkbox','4',446,'0',76,457761628,'2020-09-29 08:59:31',12,NULL,NULL),(1378,'checkbox','4',448,'0',76,457761628,'2020-09-29 08:59:31',12,NULL,NULL),(1379,'checkbox','4',449,'0',76,457761628,'2020-09-29 08:59:31',12,NULL,NULL),(1380,'checkbox','4',451,'0',76,457761628,'2020-09-29 08:59:31',12,NULL,NULL),(1381,'checkbox','4',452,'0',76,457761628,'2020-09-29 08:59:31',12,NULL,NULL),(1431,'date','1',376,'10-02-2020',76,815954538,'2020-10-02 17:15:26',13,'806597723.pdf',NULL),(1432,'checkbox','1',461,'on',76,815954538,'2020-10-02 17:15:26',13,'806597723.pdf',NULL),(1433,'checkbox','2',471,'on',76,815954538,'2020-10-02 17:15:26',13,'806597723.pdf',NULL),(1434,'checkbox','3',379,'on',76,815954538,'2020-10-02 17:15:26',13,'806597723.pdf',NULL),(1435,'checkbox','4',419,'on',76,815954538,'2020-10-02 17:15:26',13,'806597723.pdf',NULL),(1436,'date','5',371,'10-07-2020',76,815954538,'2020-10-02 17:15:26',13,'806597723.pdf',NULL),(1437,'signature','5',606,'1601658926.png',76,815954538,'2020-10-02 17:15:26',13,'806597723.pdf',NULL),(1438,'checkbox','1',462,'0',76,815954538,'2020-10-02 17:15:26',13,'806597723.pdf',NULL),(1439,'checkbox','1',464,'0',76,815954538,'2020-10-02 17:15:26',13,'806597723.pdf',NULL),(1440,'checkbox','1',465,'0',76,815954538,'2020-10-02 17:15:26',13,'806597723.pdf',NULL),(1441,'checkbox','2',472,'0',76,815954538,'2020-10-02 17:15:26',13,'806597723.pdf',NULL),(1442,'checkbox','2',474,'0',76,815954538,'2020-10-02 17:15:26',13,'806597723.pdf',NULL),(1443,'checkbox','2',475,'0',76,815954538,'2020-10-02 17:15:26',13,'806597723.pdf',NULL),(1444,'checkbox','2',477,'0',76,815954538,'2020-10-02 17:15:26',13,'806597723.pdf',NULL),(1445,'checkbox','2',478,'0',76,815954538,'2020-10-02 17:15:26',13,'806597723.pdf',NULL),(1446,'checkbox','2',480,'0',76,815954538,'2020-10-02 17:15:26',13,'806597723.pdf',NULL),(1447,'checkbox','2',481,'0',76,815954538,'2020-10-02 17:15:26',13,'806597723.pdf',NULL),(1448,'checkbox','2',483,'0',76,815954538,'2020-10-02 17:15:26',13,'806597723.pdf',NULL),(1449,'checkbox','2',484,'0',76,815954538,'2020-10-02 17:15:26',13,'806597723.pdf',NULL),(1450,'checkbox','3',380,'0',76,815954538,'2020-10-02 17:15:26',13,'806597723.pdf',NULL),(1451,'checkbox','3',388,'0',76,815954538,'2020-10-02 17:15:26',13,'806597723.pdf',NULL),(1452,'checkbox','3',389,'0',76,815954538,'2020-10-02 17:15:26',13,'806597723.pdf',NULL),(1453,'checkbox','3',394,'0',76,815954538,'2020-10-02 17:15:26',13,'806597723.pdf',NULL),(1454,'checkbox','3',395,'0',76,815954538,'2020-10-02 17:15:26',13,'806597723.pdf',NULL),(1455,'checkbox','3',397,'0',76,815954538,'2020-10-02 17:15:26',13,'806597723.pdf',NULL),(1456,'checkbox','3',398,'0',76,815954538,'2020-10-02 17:15:26',13,'806597723.pdf',NULL),(1457,'checkbox','3',401,'0',76,815954538,'2020-10-02 17:15:26',13,'806597723.pdf',NULL),(1458,'checkbox','3',402,'0',76,815954538,'2020-10-02 17:15:26',13,'806597723.pdf',NULL),(1459,'checkbox','3',404,'0',76,815954538,'2020-10-02 17:15:26',13,'806597723.pdf',NULL),(1460,'checkbox','3',405,'0',76,815954538,'2020-10-02 17:15:26',13,'806597723.pdf',NULL),(1461,'checkbox','3',455,'0',76,815954538,'2020-10-02 17:15:26',13,'806597723.pdf',NULL),(1462,'checkbox','3',456,'0',76,815954538,'2020-10-02 17:15:26',13,'806597723.pdf',NULL),(1463,'checkbox','3',467,'0',76,815954538,'2020-10-02 17:15:26',13,'806597723.pdf',NULL),(1464,'checkbox','3',468,'0',76,815954538,'2020-10-02 17:15:26',13,'806597723.pdf',NULL),(1465,'checkbox','4',420,'0',76,815954538,'2020-10-02 17:15:26',13,'806597723.pdf',NULL),(1466,'checkbox','4',425,'0',76,815954538,'2020-10-02 17:15:26',13,'806597723.pdf',NULL),(1467,'checkbox','4',426,'0',76,815954538,'2020-10-02 17:15:26',13,'806597723.pdf',NULL),(1468,'checkbox','4',429,'0',76,815954538,'2020-10-02 17:15:26',13,'806597723.pdf',NULL),(1469,'checkbox','4',430,'0',76,815954538,'2020-10-02 17:15:26',13,'806597723.pdf',NULL),(1470,'checkbox','4',432,'0',76,815954538,'2020-10-02 17:15:26',13,'806597723.pdf',NULL),(1471,'checkbox','4',433,'0',76,815954538,'2020-10-02 17:15:26',13,'806597723.pdf',NULL),(1472,'checkbox','4',435,'0',76,815954538,'2020-10-02 17:15:26',13,'806597723.pdf',NULL),(1473,'checkbox','4',436,'0',76,815954538,'2020-10-02 17:15:26',13,'806597723.pdf',NULL),(1474,'checkbox','4',445,'0',76,815954538,'2020-10-02 17:15:26',13,'806597723.pdf',NULL),(1475,'checkbox','4',446,'0',76,815954538,'2020-10-02 17:15:26',13,'806597723.pdf',NULL),(1476,'checkbox','4',448,'0',76,815954538,'2020-10-02 17:15:26',13,'806597723.pdf',NULL),(1477,'checkbox','4',449,'0',76,815954538,'2020-10-02 17:15:26',13,'806597723.pdf',NULL),(1478,'checkbox','4',451,'0',76,815954538,'2020-10-02 17:15:26',13,'806597723.pdf',NULL),(1479,'checkbox','4',452,'0',76,815954538,'2020-10-02 17:15:26',13,'806597723.pdf',NULL);
/*!40000 ALTER TABLE `answers` ENABLE KEYS */;
UNLOCK TABLES;

--
-- Table structure for table `applicationDetails`
--

DROP TABLE IF EXISTS `applicationDetails`;
/*!40101 SET @saved_cs_client     = @@character_set_client */;
/*!40101 SET character_set_client = utf8 */;
CREATE TABLE `applicationDetails` (
  `id` int(10) NOT NULL AUTO_INCREMENT,
  `applicationId` int(10) NOT NULL,
  `convertedImages` varchar(100) NOT NULL,
  PRIMARY KEY (`id`)
) ENGINE=InnoDB AUTO_INCREMENT=521 DEFAULT CHARSET=utf8mb4;
/*!40101 SET character_set_client = @saved_cs_client */;

--
-- Dumping data for table `applicationDetails`
--

LOCK TABLES `applicationDetails` WRITE;
/*!40000 ALTER TABLE `applicationDetails` DISABLE KEYS */;
INSERT INTO `applicationDetails` VALUES (412,75,'1-267969137.jpg'),(413,75,'2-612761339.jpg'),(414,75,'3-462708869.jpg'),(415,75,'4-1651591092.jpg'),(416,75,'5-516232771.jpg'),(417,76,'1-2141828387.jpg'),(418,76,'2-799267358.jpg'),(419,76,'3-1550496904.jpg'),(420,76,'4-734339864.jpg'),(421,76,'5-234450910.jpg'),(422,76,'6-273012633.jpg'),(423,77,'1-635329523.jpg'),(424,77,'2-1898878729.jpg'),(425,77,'3-1116478108.jpg'),(426,77,'4-1338891810.jpg'),(427,77,'5-402729065.jpg'),(428,77,'6-802196350.jpg'),(429,78,'1-985453313.jpg'),(430,78,'2-590898383.jpg'),(431,78,'3-130868109.jpg'),(432,78,'4-91036856.jpg'),(433,78,'5-1064445657.jpg'),(434,78,'6-1289172740.jpg'),(435,79,'1-80622289.jpg'),(436,79,'2-1715006850.jpg'),(437,79,'3-1699217494.jpg'),(438,79,'4-1147277370.jpg'),(439,79,'5-279183806.jpg'),(440,79,'6-2125428171.jpg'),(441,79,'7-788375929.jpg'),(442,80,'1-1292037346.jpg'),(443,80,'2-345618463.jpg'),(444,80,'3-252225276.jpg'),(445,80,'4-181655553.jpg'),(446,80,'5-1141521802.jpg'),(447,80,'6-466173065.jpg'),(448,80,'7-327604232.jpg'),(449,81,'1-2067422581.jpg'),(450,81,'2-73363496.jpg'),(451,81,'3-917881618.jpg'),(452,81,'4-1066884230.jpg'),(453,81,'5-552705622.jpg'),(454,81,'6-1343255846.jpg'),(455,81,'7-896183594.jpg'),(456,82,'1-321358217.jpg'),(457,82,'2-51461392.jpg'),(458,82,'3-1546634209.jpg'),(459,82,'4-2063985444.jpg'),(460,82,'5-1304205285.jpg'),(461,82,'6-1525394410.jpg'),(462,82,'7-2030180065.jpg'),(463,83,'1-632288284.jpg'),(464,83,'2-2044900059.jpg'),(465,83,'3-149647800.jpg'),(466,83,'4-673018312.jpg'),(467,83,'5-65395509.jpg'),(468,83,'6-2008468653.jpg'),(469,83,'7-1481931783.jpg'),(470,84,'1-203957436.jpg'),(471,84,'2-988419404.jpg'),(472,84,'3-779104400.jpg'),(473,84,'4-437880548.jpg'),(474,84,'5-694029378.jpg'),(475,84,'6-1746471579.jpg'),(476,84,'7-456360938.jpg'),(484,86,'1-30012472.jpg'),(485,86,'2-1168542102.jpg'),(486,86,'3-413055921.jpg'),(487,86,'4-58254069.jpg'),(488,86,'5-524845362.jpg'),(489,86,'6-508566149.jpg'),(490,86,'7-124315095.jpg'),(491,87,'1-432480596.jpg'),(492,87,'2-1985162794.jpg'),(493,87,'3-1086709063.jpg'),(494,87,'4-2141943607.jpg'),(495,87,'5-125495044.jpg'),(496,87,'6-582606004.jpg'),(497,87,'7-2104964871.jpg'),(498,88,'1-1739689714.jpg'),(499,88,'2-700931479.jpg'),(500,88,'3-1908959908.jpg'),(501,88,'4-1176908507.jpg'),(502,88,'5-738485800.jpg'),(503,88,'6-1398293054.jpg'),(504,88,'7-978493970.jpg'),(505,89,'1-1856112476.jpg'),(506,89,'2-1004928852.jpg'),(507,89,'3-130615110.jpg'),(508,89,'4-1676771071.jpg'),(509,89,'5-1083102271.jpg'),(510,89,'6-824194538.jpg'),(511,89,'7-1759860762.jpg'),(512,90,'1-372662304.jpg'),(513,91,'1-1339084947.jpg'),(514,92,'1-1809371410.jpg'),(515,92,'2-264365366.jpg'),(516,92,'3-1087951569.jpg'),(517,92,'4-716858863.jpg'),(518,92,'5-1348051385.jpg'),(519,92,'6-1026642265.jpg'),(520,93,'1-32317080.jpg');
/*!40000 ALTER TABLE `applicationDetails` ENABLE KEYS */;
UNLOCK TABLES;

--
-- Table structure for table `login_attempts`
--

DROP TABLE IF EXISTS `login_attempts`;
/*!40101 SET @saved_cs_client     = @@character_set_client */;
/*!40101 SET character_set_client = utf8 */;
CREATE TABLE `login_attempts` (
  `user_id` int(11) NOT NULL,
  `time` varchar(100) NOT NULL
) ENGINE=InnoDB DEFAULT CHARSET=latin1;
/*!40101 SET character_set_client = @saved_cs_client */;

--
-- Dumping data for table `login_attempts`
--

LOCK TABLES `login_attempts` WRITE;
/*!40000 ALTER TABLE `login_attempts` DISABLE KEYS */;
INSERT INTO `login_attempts` VALUES (1,'1590240563'),(1,'1590240575'),(1,'1590240594'),(1,'1590246866'),(1,'1590692545'),(1,'1591245038'),(1,'1591252322'),(1,'1591548040'),(1,'1592041286'),(1,'1598420988'),(1,'1617773631');
/*!40000 ALTER TABLE `login_attempts` ENABLE KEYS */;
UNLOCK TABLES;

--
-- Table structure for table `multipal_option`
--

DROP TABLE IF EXISTS `multipal_option`;
/*!40101 SET @saved_cs_client     = @@character_set_client */;
/*!40101 SET character_set_client = utf8 */;
CREATE TABLE `multipal_option` (
  `id` int(11) NOT NULL AUTO_INCREMENT,
  `question_id` int(11) NOT NULL,
  `application_id` int(11) NOT NULL,
  `type` tinyint(4) NOT NULL COMMENT '1 = Radio, 2 = Check Box',
  PRIMARY KEY (`id`)
) ENGINE=InnoDB DEFAULT CHARSET=latin1;
/*!40101 SET character_set_client = @saved_cs_client */;

--
-- Dumping data for table `multipal_option`
--

LOCK TABLES `multipal_option` WRITE;
/*!40000 ALTER TABLE `multipal_option` DISABLE KEYS */;
/*!40000 ALTER TABLE `multipal_option` ENABLE KEYS */;
UNLOCK TABLES;

--
-- Table structure for table `newApplications`
--

DROP TABLE IF EXISTS `newApplications`;
/*!40101 SET @saved_cs_client     = @@character_set_client */;
/*!40101 SET character_set_client = utf8 */;
CREATE TABLE `newApplications` (
  `id` int(10) NOT NULL AUTO_INCREMENT,
  `applicationName` varchar(255) NOT NULL,
  `totalPages` int(5) NOT NULL,
  `originalFileName` varchar(255) NOT NULL,
  `createdAt` timestamp NOT NULL DEFAULT CURRENT_TIMESTAMP,
  `fontColor` varchar(100) DEFAULT NULL,
  `fontFamily` varchar(100) DEFAULT NULL,
  `isPdfGenerate` tinyint(1) NOT NULL,
  PRIMARY KEY (`id`)
) ENGINE=InnoDB AUTO_INCREMENT=94 DEFAULT CHARSET=utf8mb4;
/*!40101 SET character_set_client = @saved_cs_client */;

--
-- Dumping data for table `newApplications`
--

LOCK TABLES `newApplications` WRITE;
/*!40000 ALTER TABLE `newApplications` DISABLE KEYS */;
INSERT INTO `newApplications` VALUES (75,'U.S. INFORMATION FORM',5,'serv_da_all_loanapp_2_0_0_477.pdf','2020-06-09 16:19:57','8,4,204','Arial',1),(76,'BORROWER INFORMATION FORM',6,'SBA Form 1919 4.pdf','2020-06-12 12:55:39','5,5,5','Arial',1),(77,'test001',6,'SBA Form 1919 4.pdf','2020-08-31 13:31:02','117,57,57','Arial',1),(78,'test002',6,'SBA Form 1919 4_5.pdf','2020-08-31 13:42:45','179,36,36','Helvetica',1),(79,'Covid 19',7,'20200321-COVID-19-Florida-Emergency-Bridge-Loan-Application.pdf','2020-09-01 06:01:35','66,59,59','Arial',1),(80,'Covid 19',7,'20200321-COVID-19-Florida-Emergency-Bridge-Loan-Application.pdf','2020-09-01 06:07:20','212,144,144','Arial',1),(81,'Covid 19',7,'20200321-COVID-19-Florida-Emergency-Bridge-Loan-Application.pdf','2020-09-01 06:26:43','232,116,116','Arial',1),(82,'Covid 19',7,'20200321-COVID-19-Florida-Emergency-Bridge-Loan-Application.pdf','2020-09-01 06:29:31','232,116,116','Arial',1),(83,'Covid 19',7,'20200321-COVID-19-Florida-Emergency-Bridge-Loan-Application.pdf','2020-09-01 06:34:54','232,116,116','Arial',1),(84,'Covid 19',7,'20200321-COVID-19-Florida-Emergency-Bridge-Loan-Application.pdf','2020-09-01 06:40:10','232,116,116','Arial',1),(86,'Test',7,'20200321-COVID-19-Florida-Emergency-Bridge-Loan-Application.pdf','2020-09-01 07:15:29','','Helvetica',1),(87,'Test',7,'20200321-COVID-19-Florida-Emergency-Bridge-Loan-Application.pdf','2020-09-01 07:16:34','','Helvetica',1),(88,'Test',7,'20200321-COVID-19-Florida-Emergency-Bridge-Loan-Application.pdf','2020-09-01 07:23:41','','Helvetica',1),(89,'Test',7,'20200321-COVID-19-Florida-Emergency-Bridge-Loan-Application.pdf','2020-09-01 07:33:17','','Helvetica',1),(90,'Lokesh Testing',1,'OD116979573684786000.pdf','2020-09-02 06:47:29','','',1),(91,'Bill Lokesh',1,'OD116979573684786000.pdf','2020-09-02 06:56:48','','',1),(92,'check 1',6,'SBA Form 1919 4_5 (copy).pdf','2020-09-03 11:44:54','120,7,7','Arial',1),(93,'GULF COAST FUNDING',1,'FGFunding  App (1) (1) (1).pdf','2020-09-04 06:15:37','15,14,14','Arial',1);
/*!40000 ALTER TABLE `newApplications` ENABLE KEYS */;
UNLOCK TABLES;

--
-- Table structure for table `newusers`
--

DROP TABLE IF EXISTS `newusers`;
/*!40101 SET @saved_cs_client     = @@character_set_client */;
/*!40101 SET character_set_client = utf8 */;
CREATE TABLE `newusers` (
  `id` int(11) NOT NULL,
  `userId` int(11) NOT NULL,
  `name` varchar(100) NOT NULL,
  `email` varchar(100) NOT NULL,
  `mobile` varchar(12) NOT NULL,
  `address` varchar(255) NOT NULL,
  `created` datetime NOT NULL,
  PRIMARY KEY (`id`)
) ENGINE=InnoDB DEFAULT CHARSET=latin1;
/*!40101 SET character_set_client = @saved_cs_client */;

--
-- Dumping data for table `newusers`
--

LOCK TABLES `newusers` WRITE;
/*!40000 ALTER TABLE `newusers` DISABLE KEYS */;
/*!40000 ALTER TABLE `newusers` ENABLE KEYS */;
UNLOCK TABLES;

--
-- Table structure for table `questionnaireUser`
--

DROP TABLE IF EXISTS `questionnaireUser`;
/*!40101 SET @saved_cs_client     = @@character_set_client */;
/*!40101 SET character_set_client = utf8 */;
CREATE TABLE `questionnaireUser` (
  `id` int(11) NOT NULL AUTO_INCREMENT,
  `userId` int(11) NOT NULL,
  `applicationId` int(11) NOT NULL,
  `name` varchar(100) NOT NULL,
  `email` varchar(100) NOT NULL,
  `mobile` varchar(12) NOT NULL,
  `address` varchar(255) NOT NULL,
  `created` datetime NOT NULL,
  PRIMARY KEY (`id`)
) ENGINE=InnoDB AUTO_INCREMENT=14 DEFAULT CHARSET=latin1;
/*!40101 SET character_set_client = @saved_cs_client */;

--
-- Dumping data for table `questionnaireUser`
--

LOCK TABLES `questionnaireUser` WRITE;
/*!40000 ALTER TABLE `questionnaireUser` DISABLE KEYS */;
INSERT INTO `questionnaireUser` VALUES (1,1932917349,93,'Test','nicolaschareyre.perso@gmail.com','232331312321','','2020-09-04 18:35:36'),(2,1806579736,93,'Vikram','gauravwebiwork@gmail.com','9999999999','','2020-09-07 05:11:32'),(3,1825771248,76,'Bhavesh Bhanushali','bhavesh2193@gmail.com','09712596441','','2020-09-07 05:13:38'),(4,1806579736,93,'stylist','stylist05@email.com','9823654638','','2020-09-07 05:17:45'),(5,207731923,76,'ttll','ttl@gmail.com','1234567890','','2020-09-07 13:10:26'),(6,207731923,76,'rrll','r@gm.com','1234568790','','2020-09-07 14:10:03'),(7,207731923,76,'test11','test11@gmail.com','1234567890','','2020-09-07 15:29:07'),(8,152407402,93,'Bhavesh Bhanushali','bhavesh2193@gmail.com','9712596441','','2020-09-15 05:47:41'),(9,684155305,76,'Testdfgvfd','nicolas@gmail.com','232331312321','','2020-09-15 06:53:15'),(10,684155305,76,'Test','nicolas@gmail.com','232331312321','','2020-09-15 06:58:52'),(11,1108162177,76,'Ani Pandeysdfds','pandeyaniket550@gmail.com','143432242343','','2020-09-25 13:08:57'),(12,457761628,76,'Test for demo','test1@gmail.com','232331312321','','2020-09-29 08:58:59'),(13,815954538,76,'Test','nks@gmail.com','232331312321','','2020-10-02 17:14:52');
/*!40000 ALTER TABLE `questionnaireUser` ENABLE KEYS */;
UNLOCK TABLES;

--
-- Table structure for table `questions`
--

DROP TABLE IF EXISTS `questions`;
/*!40101 SET @saved_cs_client     = @@character_set_client */;
/*!40101 SET character_set_client = utf8 */;
CREATE TABLE `questions` (
  `id` int(10) NOT NULL AUTO_INCREMENT,
  `applicationId` int(10) NOT NULL,
  `imageId` int(10) NOT NULL,
  `xCordinates` int(10) NOT NULL,
  `yCordinates` int(10) NOT NULL,
  `questionType` varchar(100) NOT NULL,
  `questionLable` varchar(255) NOT NULL,
  `isRequired` tinyint(1) NOT NULL DEFAULT '0',
  `isParent` tinyint(1) NOT NULL DEFAULT '0' COMMENT '0 = no parent , 1 = parent',
  `isChild` tinyint(1) NOT NULL DEFAULT '0' COMMENT '0 = not child, 1 = child',
  `parent_id` int(11) NOT NULL,
  `fontColor` varchar(100) NOT NULL,
  `fontFamily` varchar(255) NOT NULL,
  `step` int(10) NOT NULL DEFAULT '1',
  `mappingName` varchar(100) DEFAULT NULL,
  PRIMARY KEY (`id`)
) ENGINE=InnoDB AUTO_INCREMENT=607 DEFAULT CHARSET=latin1;
/*!40101 SET character_set_client = @saved_cs_client */;

--
-- Dumping data for table `questions`
--

LOCK TABLES `questions` WRITE;
/*!40000 ALTER TABLE `questions` DISABLE KEYS */;
INSERT INTO `questions` VALUES (328,75,412,405,227,'text','Physical Declaration Number',0,0,0,0,'8,4,204','Arial',1,'0'),(329,75,412,407,262,'text','Economic Injury Declaration Number',0,0,0,0,'8,4,204','Arial',1,'0'),(330,75,412,409,292,'text','FEMA Registration Number',0,0,0,0,'8,4,204','Arial',1,'0'),(331,75,412,910,225,'date','Filing Deadline Date',0,0,0,0,'8,4,204','Arial',1,'0'),(332,75,412,910,262,'date','Filing Deadline Date',0,0,0,0,'8,4,204','Arial',1,'0'),(333,75,412,140,369,'label','ARE YOU APPLYING FOR:',0,1,0,0,'8,4,204','Arial',2,'0'),(334,75,412,138,370,'checkbox','Physical  Damage --',0,0,1,333,'8,4,204','Arial',2,'0'),(335,75,412,184,408,'checkbox','Real Property',0,0,1,333,'8,4,204','Arial',2,'0'),(336,75,412,379,410,'checkbox','Business Contents',0,0,1,333,'8,4,204','Arial',2,'0'),(337,75,412,138,449,'checkbox','Economic Injury  (EIDL)',0,0,1,333,'8,4,204','Arial',2,'0'),(338,75,412,388,371,'checkbox','Military Reservist EIDL (MREIDL)',0,0,1,333,'8,4,204','Arial',2,'0'),(339,75,412,905,415,'date','* Name of Essential Employee',1,0,0,0,'8,4,204','Arial',2,'0'),(340,75,412,929,453,'date','* Employee\'s Social Security Number',1,0,0,0,'8,4,204','Arial',2,'0'),(341,75,412,121,559,'label','ORGANIZATION TYPE',0,1,0,0,'8,4,204','Arial',3,'0'),(342,75,412,112,596,'checkbox','Sole Proprietorship',0,0,1,341,'8,4,204','Arial',3,'0'),(343,75,412,379,597,'checkbox','Partnership',0,0,1,341,'8,4,204','Arial',3,'0'),(344,75,412,651,598,'checkbox','Limited Partnership',0,0,1,341,'8,4,204','Arial',3,'0'),(345,75,412,608,595,'checkbox','Limited Liability Entity',0,0,1,341,'8,4,204','Arial',3,'0'),(346,75,412,355,627,'checkbox','Trust',0,0,1,341,'8,4,204','Arial',3,'0'),(347,75,412,88,626,'checkbox','Nonprofit Organization',0,0,1,341,'8,4,204','Arial',3,'0'),(348,75,412,113,627,'checkbox','Corporation',0,0,1,341,'8,4,204','Arial',3,'0'),(349,75,412,107,700,'text','APPLICANT\'S LEGAL NAME',0,0,0,0,'8,4,204','Arial',3,'0'),(350,75,412,695,706,'text','4. FEDERAL E.I.N.',0,0,0,0,'8,4,204','Arial',3,'0'),(351,75,412,127,782,'text','TRADE NAME',0,0,0,0,'8,4,204','Arial',3,'0'),(352,75,412,707,783,'text','BUSINESS PHONE NUMBER',0,0,0,0,'8,4,204','Arial',3,'0'),(353,75,412,128,806,'label','MAILING ADDRESS',0,1,0,0,'8,4,204','Arial',4,'0'),(354,75,412,404,813,'checkbox','Business',0,0,1,353,'8,4,204','Arial',4,'0'),(355,75,412,546,816,'checkbox','Home',0,0,1,353,'8,4,204','Arial',4,'0'),(356,75,412,680,815,'checkbox','Temp',0,0,1,353,'8,4,204','Arial',4,'0'),(357,75,412,108,861,'text','Number, Street, and/or Post Office Box',0,0,0,0,'8,4,204','Arial',4,'0'),(358,75,412,459,869,'text','City',0,0,0,0,'8,4,204','Arial',4,'0'),(359,75,412,718,973,'text','Country',0,0,0,0,'8,4,204','Arial',4,'0'),(360,75,412,114,996,'label','PROVIDE THE NAME(S) OF THE INDIVIDUAL(S) TO CONTACT FOR:',0,1,0,0,'8,4,204','Arial',4,'0'),(361,75,412,174,1035,'label','Loss Verification Inspection',0,0,1,360,'8,4,204','Arial',4,'0'),(362,75,412,147,1080,'text','Name',0,0,0,0,'8,4,204','Arial',4,'0'),(363,75,412,252,1112,'text','Telephone Number',0,0,0,0,'8,4,204','Arial',4,'0'),(364,75,412,705,1029,'label','Information necessary to process the Application',0,0,1,360,'8,4,204','Arial',4,'0'),(365,75,412,667,1080,'text','Name',0,0,0,0,'8,4,204','Arial',4,'0'),(366,75,412,764,1114,'text','Telephone Number',0,0,0,0,'8,4,204','Arial',4,'0'),(367,76,417,643,704,'text','NAME OF BUSINESS APPLYING FOR LOAN (â€œAPPLICANTâ€)',1,0,0,0,'5,5,5','Arial',1,'0'),(368,76,417,206,746,'text','YOUR NAME',1,0,0,0,'5,5,5','Arial',1,'name'),(369,76,417,360,782,'text','SOCIAL SECURITY NUMBER',0,0,0,0,'5,5,5','Arial',1,'0'),(371,76,422,773,592,'date','Date',0,0,0,0,'5,5,5','Arial',5,'0'),(372,76,422,79,692,'text','Print Name',1,0,0,0,'5,5,5','Arial',5,'name'),(375,76,417,892,748,'text','Title',0,0,0,0,'5,5,5','Arial',1,'0'),(376,76,417,887,790,'date','Date of Birth',0,0,0,0,'5,5,5','Arial',1,'0'),(377,76,417,525,833,'text','PLACE OF BIRTH (City & State or Foreign Country)',0,0,0,0,'5,5,5','Arial',1,'0'),(378,76,418,713,74,'label','(5) Are you presently debarred, suspended, proposed for debarme',0,1,0,0,'5,5,5','Arial',3,'0'),(379,76,418,1003,76,'checkbox','Yes',0,0,1,0,'5,5,5','Arial',3,'0'),(380,76,418,1077,74,'checkbox','No',0,0,1,0,'5,5,5','Arial',3,'0'),(387,76,418,424,611,'label','(7) Are you a U.S. Citizen?',0,1,0,0,'5,5,5','Arial',3,'0'),(388,76,418,995,618,'checkbox','Yes',0,0,1,387,'5,5,5','Arial',3,'0'),(389,76,418,1067,618,'checkbox','No',0,0,1,387,'5,5,5','Arial',3,'0'),(393,76,418,566,641,'label','If â€œNo,â€ are you a Lawful Permanent resident alien?.',0,1,0,0,'5,5,5','Arial',3,'0'),(394,76,418,995,644,'checkbox','Yes',0,0,1,393,'5,5,5','Arial',3,'0'),(395,76,418,1067,642,'checkbox','No',0,0,1,393,'5,5,5','Arial',3,'0'),(396,76,418,117,706,'label','Are any of your businessâ€™ products or services exported or do you plan to begin exporting as a result of this loan?',0,1,0,0,'5,5,5','Arial',3,'0'),(397,76,418,995,723,'checkbox','Yes',0,0,1,396,'5,5,5','Arial',3,'0'),(398,76,418,1067,725,'checkbox','No',0,0,1,396,'5,5,5','Arial',3,'0'),(399,76,418,764,761,'text','If â€œâ€Yes,â€ provide the estimated total export sales this loan will support: $',0,0,0,0,'5,5,5','Arial',3,'0'),(400,76,418,372,784,'label','Is your business a franchise? ......',0,1,0,0,'5,5,5','Arial',3,'0'),(401,76,418,995,787,'checkbox','Yes',0,0,1,400,'5,5,5','Arial',3,'0'),(402,76,418,1067,787,'checkbox','No',0,0,1,400,'5,5,5','Arial',3,'0'),(403,76,418,592,822,'label','Does the Applicant business have any Affiliates?',0,1,0,0,'5,5,5','Arial',3,'0'),(404,76,418,995,818,'checkbox','yes',0,0,1,403,'5,5,5','Arial',3,'0'),(405,76,418,1067,817,'checkbox','No',0,0,1,403,'5,5,5','Arial',3,'0'),(415,76,418,579,1321,'text','What is the existing number of employees currently employed by the business?',1,1,0,0,'5,5,5','Arial',3,'0'),(416,76,418,603,1344,'text','Number of jobs to be created as a result of the loan?',0,0,0,0,'5,5,5','Arial',3,'0'),(418,76,419,562,56,'label','Will more than $10,000 of the loan proceeds be used for construction? ...',0,1,0,0,'5,5,5','Arial',4,'0'),(419,76,419,995,51,'checkbox','Yes',0,0,1,418,'5,5,5','Arial',4,'0'),(420,76,419,1067,51,'checkbox','No',0,0,1,418,'5,5,5','Arial',4,'0'),(421,76,419,828,118,'label','Are any of the Applicantâ€™s revenues derived from gambling or from the sale of products or services, or the presentation of any depiction, displays or live performances, of a prurient sexual nature? .',0,1,0,0,'5,5,5','Arial',4,'0'),(425,76,419,995,131,'checkbox','yes',0,0,1,422,'5,5,5','Arial',4,'0'),(426,76,419,1067,129,'checkbox','NO',0,0,1,422,'5,5,5','Arial',4,'0'),(428,76,419,418,189,'label','Is the loan request for a Community Advantage Pilot Program loan?',0,1,0,0,'5,5,5','Arial',4,'0'),(429,76,419,995,182,'checkbox','Yes',0,0,1,428,'5,5,5','Arial',4,'0'),(430,76,419,1067,186,'checkbox','No',0,0,1,428,'5,5,5','Arial',4,'0'),(431,76,419,412,396,'label','No SBA employee, or the household member (see definition at * below) of an SBA employee, is a sole proprietor, partner, officer, director, or stockholder with a 10 percent or more interest, of the Applicant.',0,1,0,0,'5,5,5','Arial',4,'0'),(432,76,419,925,451,'checkbox','True',0,0,1,431,'5,5,5','Arial',4,'0'),(433,76,419,1027,451,'checkbox','False',0,0,1,431,'5,5,5','Arial',4,'0'),(434,76,419,117,465,'label','No former SBA employee, who has been separated from SBA for less than one year prior to the request for financial assistance, is an employee, owner, partner, attorney, agent, owner of stock, officer, director, creditor or debtor of the Applicant',0,1,0,0,'5,5,5','Arial',4,'0'),(435,76,419,925,526,'checkbox','True',0,0,1,434,'5,5,5','Arial',4,'0'),(436,76,419,1027,526,'checkbox','False',0,0,1,434,'5,5,5','Arial',4,'0'),(437,76,419,916,636,'label','No member of Congress, or an appointed official or employee of the legislative or judicial branch of the Federal Government, is a sole proprietor, general partner, officer, director',0,1,0,0,'5,5,5','Arial',4,'0'),(438,76,417,80,1029,'text','Owner',0,0,0,0,'5,5,5','Arial',1,'0'),(439,76,417,353,1026,'text','% Owned',1,0,0,0,'5,5,5','Arial',1,'0'),(440,76,417,458,1026,'text','Veteran',0,0,0,0,'5,5,5','Arial',1,'0'),(441,76,417,557,1026,'text','Gender',1,0,0,0,'5,5,5','Arial',1,'0'),(442,76,417,646,1023,'text','Race',0,0,0,0,'5,5,5','Arial',1,'0'),(443,76,417,702,1026,'text','Ethinicity',1,0,0,0,'5,5,5','Arial',1,'0'),(445,76,419,925,641,'checkbox','True',0,0,1,437,'5,5,5','Arial',4,'0'),(446,76,419,1027,637,'checkbox','False',0,0,1,437,'5,5,5','Arial',4,'0'),(447,76,419,813,707,'label','No Government employee having a grade of at least GS-13 or higher is a sole proprietor, general partner, officer, director, or stockholder with a 10 percent or more interest',0,1,0,0,'5,5,5','Arial',4,'0'),(448,76,419,925,736,'checkbox','True',0,0,1,447,'5,5,5','Arial',4,'0'),(449,76,419,1027,734,'checkbox','False',0,0,1,447,'5,5,5','Arial',4,'0'),(450,76,419,567,809,'label','No member or employee of a Small Business Advisory Council or a SCORE volunteer is a sole proprietor, general partner, officer, director, or stockholder with a 10 percent or more interest',0,1,0,0,'5,5,5','Arial',4,'0'),(451,76,419,925,840,'checkbox','True',0,0,1,0,'5,5,5','Arial',4,'0'),(452,76,419,1027,838,'checkbox','False',0,0,1,450,'5,5,5','Arial',4,'0'),(454,76,418,119,1374,'label','Have you or the Applicant used (or intend to use) a packager, broker, accountant, lawyer, etc.to assist in (a) preparing the loan application or any related materials and/or (b) referring the loan to the lender?',0,1,0,0,'5,5,5','Arial',3,'0'),(455,76,418,995,1424,'checkbox','Yes',0,0,1,454,'5,5,5','Arial',3,'0'),(456,76,418,1067,1424,'checkbox','No',0,0,1,454,'5,5,5','Arial',3,'0'),(460,76,417,573,323,'label','Have you been arrested in the past six months for any criminal offense?',0,1,0,0,'5,5,5','Arial',1,'0'),(461,76,417,995,1348,'checkbox','Yes',0,0,1,460,'5,5,5','Arial',1,'0'),(462,76,417,1067,1349,'checkbox','No',0,0,1,460,'5,5,5','Arial',1,'0'),(463,76,417,439,540,'label','For any criminal offense â€“ other than a minor vehicle violation â€“ have you ever: 1) been convicted; 2) plead guilty; 3) plead nolo contendere; 4) been placed on pretrial diversion;',0,1,0,0,'5,5,5','Arial',1,'0'),(464,76,417,995,1422,'checkbox','Yes',0,0,1,463,'5,5,5','Arial',1,'0'),(465,76,417,1067,1423,'checkbox','No',0,0,1,463,'5,5,5','Arial',1,'0'),(466,76,418,538,125,'label','If you are at least a 50% or more owner of the applicant business, are you more than 60 days',0,1,0,0,'5,5,5','Arial',3,'0'),(467,76,418,995,184,'checkbox','Yes',0,0,1,466,'5,5,5','Arial',3,'0'),(468,76,418,1067,181,'checkbox','No',0,0,1,466,'5,5,5','Arial',3,'0'),(469,76,417,61,1264,'label','ALL QUESTIONS MUST BE ANSWERED AND ARE SUBJECT TO VERIFICATION BY SBA',0,0,0,0,'5,5,5','Arial',2,'0'),(470,76,417,710,260,'label','Are you presently subject to an indictment, criminal information, arraignment, or other means by which formal criminal charges are brought in any jurisdiction?',0,1,0,0,'5,5,5','Arial',2,'0'),(471,76,417,995,1315,'checkbox','Yes',0,0,1,470,'5,5,5','Arial',2,'0'),(472,76,417,1067,1317,'checkbox','No',0,0,1,470,'5,5,5','Arial',2,'0'),(473,76,417,472,1470,'label','Has an application for the loan you are applying for now ever been submitted to SBA or to a Certified Development Company or lender in connection with any SBA program?',0,1,0,0,'5,5,5','Arial',2,'0'),(474,76,417,995,1475,'checkbox','Yes',0,0,1,473,'5,5,5','Arial',2,'0'),(475,76,417,1076,1478,'checkbox','No',0,0,1,473,'5,5,5','Arial',2,'0'),(476,76,418,797,248,'label','Have you, the Applicant, its Affiliates, or any business owned or controlled by you or any Associate ever obtained a direct or guaranteed loan from SBA or any other Federal agency or been a guarantor on such a loan?',0,1,0,0,'5,5,5','Arial',2,'0'),(477,76,418,995,1184,'checkbox','Yes',0,0,1,476,'5,5,5','Arial',2,'0'),(478,76,418,1067,1186,'checkbox','No',0,0,1,476,'5,5,5','Arial',2,'0'),(479,76,418,246,879,'label','(a) If you answered â€œYesâ€ to Question 11, is any of the financing currently delinquent?',0,1,0,0,'5,5,5','Arial',2,'0'),(480,76,418,995,1209,'checkbox','Yes',0,0,1,479,'5,5,5','Arial',2,'0'),(481,76,418,1062,1210,'checkbox','No',0,0,1,479,'5,5,5','Arial',2,'0'),(482,76,418,617,377,'label','(b) If you answered â€œYesâ€ to Question 11, did any of this financing ever default and cause a  loss to the Government?',0,1,0,0,'5,5,5','Arial',2,'0'),(483,76,418,995,1258,'checkbox','Yes',0,0,1,482,'5,5,5','Arial',2,'0'),(484,76,418,1067,1260,'checkbox','No',0,0,1,482,'5,5,5','Arial',2,'0'),(527,93,520,785,54,'text','Representative:',0,0,0,0,'15,14,14','Arial',1,'0'),(528,93,520,717,80,'text','Phone #:',0,0,0,0,'15,14,14','Arial',1,'0'),(529,93,520,687,107,'text','Fax #:',0,0,0,0,'15,14,14','Arial',1,'0'),(530,93,520,695,138,'text','Email:',0,0,0,0,'15,14,14','Arial',1,'0'),(531,93,520,226,220,'text','Legal/Corporate Name:',0,0,0,0,'15,14,14','Arial',1,'0'),(532,93,520,633,217,'text','DBA:',0,0,0,0,'15,14,14','Arial',1,'0'),(533,93,520,201,267,'text','Physical Address:',0,0,0,0,'15,14,14','Arial',1,'0'),(534,93,520,643,263,'text','City:',0,0,0,0,'15,14,14','Arial',1,'0'),(535,93,520,921,265,'text','State:',0,0,0,0,'15,14,14','Arial',1,'0'),(536,93,520,1026,266,'text','Zip:',0,0,0,0,'15,14,14','Arial',1,'0'),(537,93,520,157,307,'text','Telephone #:',0,0,0,0,'15,14,14','Arial',1,'0'),(538,93,520,518,305,'text','Fax #:',0,0,0,0,'15,14,14','Arial',1,'0'),(539,93,520,933,307,'text','Federal Tax ID:',0,0,0,0,'15,14,14','Arial',2,'0'),(540,93,520,233,361,'text','Date Business Started:',0,0,0,0,'15,14,14','Arial',2,'0'),(541,93,520,631,360,'text','Length of Ownership:',0,0,0,0,'15,14,14','Arial',2,'0'),(542,93,520,898,361,'text','Website:',0,0,0,0,'15,14,14','Arial',2,'0'),(543,93,520,934,404,'text','Email Address:',0,0,0,0,'15,14,14','Arial',2,'0'),(544,93,520,791,447,'text','Product/Service Sold:',0,0,0,0,'15,14,14','Arial',2,'0'),(545,93,520,184,491,'text','Use of Proceeds:',0,0,0,0,'15,14,14','Arial',2,'0'),(546,93,520,776,492,'text','Gross Annual Sales:',0,0,0,0,'15,14,14','Arial',2,'0'),(547,93,520,216,567,'text','Owner/Officer Name:',0,0,0,0,'15,14,14','Arial',2,'0'),(548,93,520,574,565,'text','Title:',0,0,0,0,'15,14,14','Arial',2,'0'),(549,93,520,983,567,'text','Ownership %:',0,0,0,0,'15,14,14','Arial',2,'0'),(550,93,520,1116,567,'text','FICO Score:',0,0,0,0,'15,14,14','Arial',2,'0'),(551,93,520,170,616,'text','Home Address:',0,0,0,0,'15,14,14','Arial',3,'0'),(552,93,520,568,614,'text','City:',0,0,0,0,'15,14,14','Arial',3,'0'),(553,93,520,928,617,'text','State:',0,0,0,0,'15,14,14','Arial',3,'0'),(554,93,520,1021,615,'text','Zip:',0,0,0,0,'15,14,14','Arial',3,'0'),(555,93,520,99,660,'text','SSN:',0,0,0,0,'15,14,14','Arial',3,'0'),(556,93,520,489,660,'date','Date of Birth:',0,0,0,0,'15,14,14','Arial',3,'0'),(557,93,520,649,659,'text','Home #:',0,0,0,0,'15,14,14','Arial',3,'0'),(558,93,520,930,660,'text','Cell #:',0,0,0,0,'15,14,14','Arial',3,'0'),(559,93,520,170,728,'text','Partner Name:',0,0,0,0,'15,14,14','Arial',3,'0'),(560,93,520,576,731,'text','Title:',0,0,0,0,'15,14,14','Arial',3,'0'),(561,93,520,983,730,'text','Ownership %:',0,0,0,0,'15,14,14','Arial',3,'0'),(562,93,520,1113,731,'text','FICO Score:',0,0,0,0,'15,14,14','Arial',3,'0'),(563,93,520,172,774,'text','Home Address:',0,0,0,0,'15,14,14','Arial',4,'0'),(564,93,520,572,774,'text','City:',0,0,0,0,'15,14,14','Arial',4,'0'),(565,93,520,926,774,'text','State:',0,0,0,0,'15,14,14','Arial',4,'0'),(566,93,520,1022,775,'text','Zip:',0,0,0,0,'15,14,14','Arial',4,'0'),(567,93,520,103,820,'text','SSN:',0,0,0,0,'15,14,14','Arial',4,'0'),(568,93,520,495,818,'date','Date of Birth:',0,0,0,0,'15,14,14','Arial',4,'0'),(569,93,520,655,819,'text','Home #:',0,0,0,0,'15,14,14','Arial',4,'0'),(570,93,520,928,818,'text','Cell #:',0,0,0,0,'15,14,14','Arial',4,'0'),(571,93,520,378,886,'text','Business Landlord or Business Mortgage Bank:',0,0,0,0,'15,14,14','Arial',4,'0'),(572,93,520,758,887,'text','Contact Name and/or Account #:',0,0,0,0,'15,14,14','Arial',4,'0'),(573,93,520,948,887,'text','Phone #:',0,0,0,0,'15,14,14','Arial',4,'0'),(574,93,520,231,930,'text','Own/Lease: (circle one):',0,0,0,0,'15,14,14','Arial',4,'0'),(575,93,520,725,931,'text','Monthly Rent or Mortgage:',0,0,0,0,'15,14,14','Arial',5,'0'),(576,93,520,418,998,'text','Credit Card Processing Terminal(s)/Software Model:',0,0,0,0,'15,14,14','Arial',5,'0'),(577,93,520,1091,996,'text','Average Monthly Volume:',0,0,0,0,'15,14,14','Arial',5,'0'),(578,93,520,261,1040,'text','Requested Funding Amount:',0,0,0,0,'15,14,14','Arial',5,'0'),(579,93,520,1060,1037,'text','Do you Accept: Visa/MasterCard   Amex   Discover   Debit    EBT',0,0,0,0,'15,14,14','Arial',5,'0'),(580,93,520,491,1079,'text','prior/Current Merchnat Cash Advance Company(if applicable):',0,0,0,0,'15,14,14','Arial',5,'0'),(581,93,520,693,1079,'text','Balance:',0,0,0,0,'15,14,14','Arial',5,'0'),(582,93,520,1062,1078,'text','Underwriter Use Only:',0,0,0,0,'15,14,14','Arial',5,'0'),(583,93,520,1071,1100,'text','Split Funds __ ACH __',0,0,0,0,'15,14,14','Arial',5,'0'),(584,93,520,820,1055,'text','Please circle all that apply.',0,0,0,0,'15,14,14','Arial',5,'0'),(585,93,520,200,1306,'text','owner/officer\'s Signature',0,0,0,0,'15,14,14','Arial',5,'0'),(586,93,520,895,1302,'text','Partner\'s Signature',0,0,0,0,'15,14,14','Arial',5,'0'),(587,93,520,197,1380,'text','Print Name',0,0,0,0,'15,14,14','Arial',6,'0'),(588,93,520,879,1358,'text','Print Name',0,0,0,0,'15,14,14','Arial',6,'0'),(589,93,520,127,1437,'date','Date',0,0,0,0,'15,14,14','Arial',6,'0'),(590,93,520,830,1419,'date','Date',0,0,0,0,'15,14,14','Arial',6,'0'),(592,93,520,784,1001,'text','Number of Terminals:',0,0,0,0,'15,14,14','Arial',5,'0'),(593,93,520,201,401,'label','Type of Entity (choose one)',0,1,0,0,'15,14,14','Arial',2,'0'),(594,93,520,68,418,'radio','Sole Proprietorship',0,0,1,593,'15,14,14','Arial',2,'0'),(595,93,520,217,418,'radio','Partnership',0,0,1,593,'15,14,14','Arial',2,'0'),(596,93,520,314,419,'radio','Corporation',0,0,1,593,'15,14,14','Arial',2,'0'),(597,93,520,415,420,'radio','LLC',0,0,1,593,'15,14,14','Arial',2,'0'),(598,93,520,460,421,'radio','Other',0,0,1,593,'15,14,14','Arial',2,'0'),(599,93,520,602,133,'label','Type of Business (choose all that apply):',0,1,0,0,'15,14,14','Arial',3,'0'),(600,93,520,71,461,'radio','Retail',0,0,1,599,'15,14,14','Arial',3,'0'),(601,93,520,136,462,'radio','MO/TO',0,0,1,599,'15,14,14','Arial',3,'0'),(602,93,520,208,462,'radio','Wholesale',0,0,1,599,'15,14,14','Arial',3,'0'),(603,93,520,299,463,'radio','Restaurant',0,0,1,599,'15,14,14','Arial',3,'0'),(604,93,520,399,463,'radio','Supermarket',0,0,1,599,'15,14,14','Arial',3,'0'),(605,93,520,510,460,'radio','Other',0,0,1,599,'15,14,14','Arial',3,'0'),(606,76,422,194,596,'signature','Signature',0,0,0,0,'5,5,5','Arial',5,'0');
/*!40000 ALTER TABLE `questions` ENABLE KEYS */;
UNLOCK TABLES;

--
-- Table structure for table `user`
--

DROP TABLE IF EXISTS `user`;
/*!40101 SET @saved_cs_client     = @@character_set_client */;
/*!40101 SET character_set_client = utf8 */;
CREATE TABLE `user` (
  `id` int(8) NOT NULL,
  `first_name` varchar(50) NOT NULL,
  `last_name` varchar(50) NOT NULL,
  `email` varchar(50) NOT NULL,
  `password` varchar(50) NOT NULL,
  PRIMARY KEY (`id`)
) ENGINE=MyISAM DEFAULT CHARSET=latin1;
/*!40101 SET character_set_client = @saved_cs_client */;

--
-- Dumping data for table `user`
--

LOCK TABLES `user` WRITE;
/*!40000 ALTER TABLE `user` DISABLE KEYS */;
INSERT INTO `user` VALUES (1,'Vikram','Raghuwanshi','admin@gmail.com','21232f297a57a5a743894a0e4a801fc3');
/*!40000 ALTER TABLE `user` ENABLE KEYS */;
UNLOCK TABLES;
/*!40103 SET TIME_ZONE=@OLD_TIME_ZONE */;

/*!40101 SET SQL_MODE=@OLD_SQL_MODE */;
/*!40014 SET FOREIGN_KEY_CHECKS=@OLD_FOREIGN_KEY_CHECKS */;
/*!40014 SET UNIQUE_CHECKS=@OLD_UNIQUE_CHECKS */;
/*!40101 SET CHARACTER_SET_CLIENT=@OLD_CHARACTER_SET_CLIENT */;
/*!40101 SET CHARACTER_SET_RESULTS=@OLD_CHARACTER_SET_RESULTS */;
/*!40101 SET COLLATION_CONNECTION=@OLD_COLLATION_CONNECTION */;
/*!40111 SET SQL_NOTES=@OLD_SQL_NOTES */;

-- Dump completed on 2021-04-19 13:01:51
