-- MySQL dump 10.13  Distrib 5.7.35, for Linux (x86_64)
--
-- Host: localhost    Database: shortapp_crc
-- ------------------------------------------------------
-- Server version	5.7.35-0ubuntu0.18.04.1

/*!40101 SET @OLD_CHARACTER_SET_CLIENT=@@CHARACTER_SET_CLIENT */;
/*!40101 SET @OLD_CHARACTER_SET_RESULTS=@@CHARACTER_SET_RESULTS */;
/*!40101 SET @OLD_COLLATION_CONNECTION=@@COLLATION_CONNECTION */;
/*!40101 SET NAMES utf8 */;
/*!40103 SET @OLD_TIME_ZONE=@@TIME_ZONE */;
/*!40103 SET TIME_ZONE='+00:00' */;
/*!40014 SET @OLD_UNIQUE_CHECKS=@@UNIQUE_CHECKS, UNIQUE_CHECKS=0 */;
/*!40014 SET @OLD_FOREIGN_KEY_CHECKS=@@FOREIGN_KEY_CHECKS, FOREIGN_KEY_CHECKS=0 */;
/*!40101 SET @OLD_SQL_MODE=@@SQL_MODE, SQL_MODE='NO_AUTO_VALUE_ON_ZERO' */;
/*!40111 SET @OLD_SQL_NOTES=@@SQL_NOTES, SQL_NOTES=0 */;

--
-- Table structure for table `answers`
--

DROP TABLE IF EXISTS `answers`;
/*!40101 SET @saved_cs_client     = @@character_set_client */;
/*!40101 SET character_set_client = utf8 */;
CREATE TABLE `answers` (
  `id` int(11) NOT NULL AUTO_INCREMENT,
  `questionType` varchar(255) NOT NULL,
  `step` varchar(8) DEFAULT NULL,
  `questionId` int(11) NOT NULL,
  `answer` varchar(255) NOT NULL,
  `applicationId` int(10) NOT NULL,
  `memberId` int(10) NOT NULL,
  `createdAt` datetime NOT NULL DEFAULT CURRENT_TIMESTAMP,
  `newUserId` int(11) DEFAULT NULL,
  `pdfName` varchar(255) DEFAULT NULL,
  `MODIFY` varchar(255) DEFAULT NULL,
  PRIMARY KEY (`id`)
) ENGINE=InnoDB AUTO_INCREMENT=1314 DEFAULT CHARSET=latin1;
/*!40101 SET character_set_client = @saved_cs_client */;

--
-- Dumping data for table `answers`
--

LOCK TABLES `answers` WRITE;
/*!40000 ALTER TABLE `answers` DISABLE KEYS */;
INSERT INTO `answers` VALUES (6,'text','1',1,'MSB',1,1807806720,'2021-05-21 12:28:32',1,'1742073194.pdf',NULL),(7,'text','1',2,'Mehul',1,1807806720,'2021-05-21 12:28:32',1,'1742073194.pdf',NULL),(8,'text','1',3,'Developer',1,1807806720,'2021-05-21 12:28:32',1,'1742073194.pdf',NULL),(9,'text','2',4,'123',1,1807806720,'2021-05-21 12:28:32',1,'1742073194.pdf',NULL),(10,'date','3',5,'04-06-1990',1,1807806720,'2021-05-21 12:28:32',1,'1742073194.pdf',NULL),(151,'text','1',6,'ABC',2,1209854171,'2021-05-24 16:24:45',3,'1144879406.pdf',NULL),(152,'text','1',7,'abc.com',2,1209854171,'2021-05-24 16:24:45',3,'1144879406.pdf',NULL),(153,'text','1',8,'Newyork',2,1209854171,'2021-05-24 16:24:45',3,'1144879406.pdf',NULL),(154,'text','1',9,'Newyork',2,1209854171,'2021-05-24 16:24:45',3,'1144879406.pdf',NULL),(155,'text','1',10,'Newyork',2,1209854171,'2021-05-24 16:24:45',3,'1144879406.pdf',NULL),(156,'text','1',11,'USA',2,1209854171,'2021-05-24 16:24:45',3,'1144879406.pdf',NULL),(157,'text','1',12,'7070707',2,1209854171,'2021-05-24 16:24:45',3,'1144879406.pdf',NULL),(158,'date','1',13,'04-27-2021',2,1209854171,'2021-05-24 16:24:45',3,'1144879406.pdf',NULL),(159,'text','1',14,'46456456',2,1209854171,'2021-05-24 16:24:45',3,'1144879406.pdf',NULL),(160,'text','1',15,'Self',2,1209854171,'2021-05-24 16:24:45',3,'1144879406.pdf',NULL),(161,'text','2',16,'mehul@contactprocrm.com',2,1209854171,'2021-05-24 16:24:45',3,'1144879406.pdf',NULL),(162,'text','2',17,'9714959456',2,1209854171,'2021-05-24 16:24:45',3,'1144879406.pdf',NULL),(163,'text','2',18,'34567',2,1209854171,'2021-05-24 16:24:45',3,'1144879406.pdf',NULL),(164,'text','2',19,'56789876',2,1209854171,'2021-05-24 16:24:45',3,'1144879406.pdf',NULL),(165,'text','2',20,'Spouse',2,1209854171,'2021-05-24 16:24:45',3,'1144879406.pdf',NULL),(166,'text','2',21,'45678987',2,1209854171,'2021-05-24 16:24:45',3,'1144879406.pdf',NULL),(167,'text','2',22,'56789',2,1209854171,'2021-05-24 16:24:45',3,'1144879406.pdf',NULL),(168,'text','2',23,'abc@abc.com',2,1209854171,'2021-05-24 16:24:45',3,'1144879406.pdf',NULL),(169,'text','3',24,'12312',2,1209854171,'2021-05-24 16:24:45',3,'1144879406.pdf',NULL),(170,'text','3',25,'23432',2,1209854171,'2021-05-24 16:24:45',3,'1144879406.pdf',NULL),(171,'text','3',26,'23423',2,1209854171,'2021-05-24 16:24:45',3,'1144879406.pdf',NULL),(172,'checkbox','4',35,'on',2,1209854171,'2021-05-24 16:24:45',3,'1144879406.pdf',NULL),(173,'text','4',42,'',2,1209854171,'2021-05-24 16:24:45',3,'1144879406.pdf',NULL),(174,'radio','5',59,'on',2,1209854171,'2021-05-24 16:24:45',3,'1144879406.pdf',NULL),(175,'radio','5',60,'on',2,1209854171,'2021-05-24 16:24:45',3,'1144879406.pdf',NULL),(176,'radio','5',62,'on',2,1209854171,'2021-05-24 16:24:45',3,'1144879406.pdf',NULL),(177,'radio','5',66,'on',2,1209854171,'2021-05-24 16:24:45',3,'1144879406.pdf',NULL),(178,'text','5',68,'Bond',2,1209854171,'2021-05-24 16:24:45',3,'1144879406.pdf',NULL),(179,'checkbox','6',71,'on',2,1209854171,'2021-05-24 16:24:45',3,'1144879406.pdf',NULL),(180,'checkbox','6',72,'on',2,1209854171,'2021-05-24 16:24:45',3,'1144879406.pdf',NULL),(181,'text','6',74,'',2,1209854171,'2021-05-24 16:24:45',3,'1144879406.pdf',NULL),(182,'radio','6',76,'on',2,1209854171,'2021-05-24 16:24:45',3,'1144879406.pdf',NULL),(183,'text','6',78,'',2,1209854171,'2021-05-24 16:24:45',3,'1144879406.pdf',NULL),(184,'checkbox','7',80,'on',2,1209854171,'2021-05-24 16:24:45',3,'1144879406.pdf',NULL),(185,'checkbox','7',82,'on',2,1209854171,'2021-05-24 16:24:45',3,'1144879406.pdf',NULL),(186,'text','7',84,'',2,1209854171,'2021-05-24 16:24:45',3,'1144879406.pdf',NULL),(187,'checkbox','7',88,'on',2,1209854171,'2021-05-24 16:24:45',3,'1144879406.pdf',NULL),(188,'checkbox','7',89,'on',2,1209854171,'2021-05-24 16:24:45',3,'1144879406.pdf',NULL),(189,'checkbox','7',92,'on',2,1209854171,'2021-05-24 16:24:45',3,'1144879406.pdf',NULL),(190,'text','7',97,'',2,1209854171,'2021-05-24 16:24:45',3,'1144879406.pdf',NULL),(191,'text','8',98,'fghjkl',2,1209854171,'2021-05-24 16:24:45',3,'1144879406.pdf',NULL),(192,'signature','8',101,'1621873486.png',2,1209854171,'2021-05-24 16:24:45',3,'1144879406.pdf',NULL),(193,'date','8',102,'05-27-2021',2,1209854171,'2021-05-24 16:24:45',3,'1144879406.pdf',NULL),(194,'checkbox','4',29,'0',2,1209854171,'2021-05-24 16:24:45',3,'1144879406.pdf',NULL),(195,'checkbox','4',30,'0',2,1209854171,'2021-05-24 16:24:45',3,'1144879406.pdf',NULL),(196,'checkbox','4',31,'0',2,1209854171,'2021-05-24 16:24:45',3,'1144879406.pdf',NULL),(197,'checkbox','4',32,'0',2,1209854171,'2021-05-24 16:24:45',3,'1144879406.pdf',NULL),(198,'checkbox','4',33,'0',2,1209854171,'2021-05-24 16:24:45',3,'1144879406.pdf',NULL),(199,'checkbox','4',34,'0',2,1209854171,'2021-05-24 16:24:45',3,'1144879406.pdf',NULL),(200,'checkbox','4',36,'0',2,1209854171,'2021-05-24 16:24:45',3,'1144879406.pdf',NULL),(201,'checkbox','4',37,'0',2,1209854171,'2021-05-24 16:24:45',3,'1144879406.pdf',NULL),(202,'checkbox','4',38,'0',2,1209854171,'2021-05-24 16:24:45',3,'1144879406.pdf',NULL),(203,'checkbox','4',39,'0',2,1209854171,'2021-05-24 16:24:45',3,'1144879406.pdf',NULL),(204,'checkbox','4',41,'0',2,1209854171,'2021-05-24 16:24:45',3,'1144879406.pdf',NULL),(205,'checkbox','6',70,'0',2,1209854171,'2021-05-24 16:24:45',3,'1144879406.pdf',NULL),(206,'checkbox','6',73,'0',2,1209854171,'2021-05-24 16:24:45',3,'1144879406.pdf',NULL),(207,'checkbox','7',81,'0',2,1209854171,'2021-05-24 16:24:45',3,'1144879406.pdf',NULL),(208,'checkbox','7',83,'0',2,1209854171,'2021-05-24 16:24:45',3,'1144879406.pdf',NULL),(209,'checkbox','7',87,'0',2,1209854171,'2021-05-24 16:24:45',3,'1144879406.pdf',NULL),(210,'checkbox','7',90,'0',2,1209854171,'2021-05-24 16:24:45',3,'1144879406.pdf',NULL),(211,'checkbox','7',91,'0',2,1209854171,'2021-05-24 16:24:45',3,'1144879406.pdf',NULL),(212,'checkbox','7',93,'0',2,1209854171,'2021-05-24 16:24:45',3,'1144879406.pdf',NULL),(213,'checkbox','7',94,'0',2,1209854171,'2021-05-24 16:24:45',3,'1144879406.pdf',NULL),(214,'checkbox','7',95,'0',2,1209854171,'2021-05-24 16:24:45',3,'1144879406.pdf',NULL),(215,'checkbox','7',96,'0',2,1209854171,'2021-05-24 16:24:45',3,'1144879406.pdf',NULL),(216,'radio','5',63,'0',2,1209854171,'2021-05-24 16:24:45',3,'1144879406.pdf',NULL),(217,'radio','5',65,'0',2,1209854171,'2021-05-24 16:24:45',3,'1144879406.pdf',NULL),(218,'radio','6',77,'0',2,1209854171,'2021-05-24 16:24:45',3,'1144879406.pdf',NULL),(219,'text','1',6,'',2,1414920680,'2021-05-24 16:29:57',4,NULL,NULL),(220,'text','1',7,'',2,1414920680,'2021-05-24 16:29:57',4,NULL,NULL),(221,'text','1',8,'',2,1414920680,'2021-05-24 16:29:57',4,NULL,NULL),(222,'text','1',9,'',2,1414920680,'2021-05-24 16:29:57',4,NULL,NULL),(223,'text','1',10,'',2,1414920680,'2021-05-24 16:29:57',4,NULL,NULL),(224,'text','1',11,'',2,1414920680,'2021-05-24 16:29:57',4,NULL,NULL),(225,'text','1',12,'',2,1414920680,'2021-05-24 16:29:57',4,NULL,NULL),(226,'date','1',13,'',2,1414920680,'2021-05-24 16:29:57',4,NULL,NULL),(227,'text','1',14,'',2,1414920680,'2021-05-24 16:29:57',4,NULL,NULL),(228,'text','1',15,'',2,1414920680,'2021-05-24 16:29:57',4,NULL,NULL),(229,'text','2',16,'',2,1414920680,'2021-05-24 16:29:58',4,NULL,NULL),(230,'text','2',17,'',2,1414920680,'2021-05-24 16:29:58',4,NULL,NULL),(231,'text','2',18,'',2,1414920680,'2021-05-24 16:29:58',4,NULL,NULL),(232,'text','2',19,'',2,1414920680,'2021-05-24 16:29:58',4,NULL,NULL),(233,'text','2',20,'',2,1414920680,'2021-05-24 16:29:58',4,NULL,NULL),(234,'text','2',21,'',2,1414920680,'2021-05-24 16:29:58',4,NULL,NULL),(235,'text','2',22,'',2,1414920680,'2021-05-24 16:29:58',4,NULL,NULL),(236,'text','2',23,'',2,1414920680,'2021-05-24 16:29:58',4,NULL,NULL),(237,'text','3',24,'',2,1414920680,'2021-05-24 16:29:59',4,NULL,NULL),(238,'text','3',25,'',2,1414920680,'2021-05-24 16:29:59',4,NULL,NULL),(239,'text','3',26,'',2,1414920680,'2021-05-24 16:29:59',4,NULL,NULL),(240,'checkbox','4',29,'0',2,1414920680,'2021-05-24 16:30:00',4,NULL,NULL),(241,'checkbox','4',30,'0',2,1414920680,'2021-05-24 16:30:00',4,NULL,NULL),(242,'checkbox','4',31,'0',2,1414920680,'2021-05-24 16:30:00',4,NULL,NULL),(243,'checkbox','4',32,'0',2,1414920680,'2021-05-24 16:30:00',4,NULL,NULL),(244,'checkbox','4',33,'0',2,1414920680,'2021-05-24 16:30:00',4,NULL,NULL),(245,'checkbox','4',34,'0',2,1414920680,'2021-05-24 16:30:00',4,NULL,NULL),(246,'checkbox','4',35,'0',2,1414920680,'2021-05-24 16:30:00',4,NULL,NULL),(247,'checkbox','4',36,'0',2,1414920680,'2021-05-24 16:30:00',4,NULL,NULL),(248,'checkbox','4',37,'0',2,1414920680,'2021-05-24 16:30:00',4,NULL,NULL),(249,'checkbox','4',38,'0',2,1414920680,'2021-05-24 16:30:00',4,NULL,NULL),(250,'checkbox','4',39,'0',2,1414920680,'2021-05-24 16:30:00',4,NULL,NULL),(251,'checkbox','4',41,'0',2,1414920680,'2021-05-24 16:30:00',4,NULL,NULL),(252,'text','4',42,'',2,1414920680,'2021-05-24 16:30:00',4,NULL,NULL),(253,'radio','5',59,'0',2,1414920680,'2021-05-24 16:30:00',4,NULL,NULL),(254,'radio','5',60,'0',2,1414920680,'2021-05-24 16:30:00',4,NULL,NULL),(255,'radio','5',62,'0',2,1414920680,'2021-05-24 16:30:00',4,NULL,NULL),(256,'radio','5',63,'0',2,1414920680,'2021-05-24 16:30:00',4,NULL,NULL),(257,'radio','5',65,'0',2,1414920680,'2021-05-24 16:30:00',4,NULL,NULL),(258,'radio','5',66,'0',2,1414920680,'2021-05-24 16:30:00',4,NULL,NULL),(259,'text','5',68,'',2,1414920680,'2021-05-24 16:30:00',4,NULL,NULL),(260,'checkbox','6',70,'0',2,1414920680,'2021-05-24 16:30:01',4,NULL,NULL),(261,'checkbox','6',71,'0',2,1414920680,'2021-05-24 16:30:01',4,NULL,NULL),(262,'checkbox','6',72,'0',2,1414920680,'2021-05-24 16:30:01',4,NULL,NULL),(263,'checkbox','6',73,'0',2,1414920680,'2021-05-24 16:30:01',4,NULL,NULL),(264,'text','6',74,'',2,1414920680,'2021-05-24 16:30:01',4,NULL,NULL),(265,'radio','6',76,'0',2,1414920680,'2021-05-24 16:30:01',4,NULL,NULL),(266,'radio','6',77,'0',2,1414920680,'2021-05-24 16:30:01',4,NULL,NULL),(267,'text','6',78,'',2,1414920680,'2021-05-24 16:30:01',4,NULL,NULL),(268,'checkbox','7',80,'0',2,1414920680,'2021-05-24 16:30:05',4,NULL,NULL),(269,'checkbox','7',81,'0',2,1414920680,'2021-05-24 16:30:05',4,NULL,NULL),(270,'checkbox','7',82,'0',2,1414920680,'2021-05-24 16:30:05',4,NULL,NULL),(271,'checkbox','7',83,'0',2,1414920680,'2021-05-24 16:30:05',4,NULL,NULL),(272,'text','7',84,'',2,1414920680,'2021-05-24 16:30:05',4,NULL,NULL),(273,'checkbox','7',87,'0',2,1414920680,'2021-05-24 16:30:05',4,NULL,NULL),(274,'checkbox','7',88,'0',2,1414920680,'2021-05-24 16:30:05',4,NULL,NULL),(275,'checkbox','7',89,'0',2,1414920680,'2021-05-24 16:30:05',4,NULL,NULL),(276,'checkbox','7',90,'0',2,1414920680,'2021-05-24 16:30:05',4,NULL,NULL),(277,'checkbox','7',91,'0',2,1414920680,'2021-05-24 16:30:05',4,NULL,NULL),(278,'checkbox','7',92,'0',2,1414920680,'2021-05-24 16:30:05',4,NULL,NULL),(279,'checkbox','7',93,'0',2,1414920680,'2021-05-24 16:30:05',4,NULL,NULL),(280,'checkbox','7',94,'0',2,1414920680,'2021-05-24 16:30:05',4,NULL,NULL),(281,'checkbox','7',95,'0',2,1414920680,'2021-05-24 16:30:05',4,NULL,NULL),(282,'checkbox','7',96,'0',2,1414920680,'2021-05-24 16:30:05',4,NULL,NULL),(283,'text','7',97,'',2,1414920680,'2021-05-24 16:30:05',4,NULL,NULL),(351,'text','1',6,'testing inc',2,1573804042,'2021-05-24 18:43:44',5,'1634657746.pdf',NULL),(352,'text','1',7,'www.testinginc.com',2,1573804042,'2021-05-24 18:43:44',5,'1634657746.pdf',NULL),(353,'text','1',8,'1234 success street ',2,1573804042,'2021-05-24 18:43:44',5,'1634657746.pdf',NULL),(354,'text','1',9,'Tampa',2,1573804042,'2021-05-24 18:43:44',5,'1634657746.pdf',NULL),(355,'text','1',10,'FL',2,1573804042,'2021-05-24 18:43:44',5,'1634657746.pdf',NULL),(356,'text','1',11,'Hillsborough',2,1573804042,'2021-05-24 18:43:44',5,'1634657746.pdf',NULL),(357,'text','1',12,'33713',2,1573804042,'2021-05-24 18:43:44',5,'1634657746.pdf',NULL),(358,'date','1',13,'05-18-2021',2,1573804042,'2021-05-24 18:43:44',5,'1634657746.pdf',NULL),(359,'text','1',14,'Stephanie tester',2,1573804042,'2021-05-24 18:43:44',5,'1634657746.pdf',NULL),(360,'text','1',15,'President',2,1573804042,'2021-05-24 18:43:44',5,'1634657746.pdf',NULL),(361,'text','2',16,'stephaniehills01@gmail.com',2,1573804042,'2021-05-24 18:43:44',5,'1634657746.pdf',NULL),(362,'text','2',17,'8132229999',2,1573804042,'2021-05-24 18:43:44',5,'1634657746.pdf',NULL),(363,'text','2',18,'',2,1573804042,'2021-05-24 18:43:44',5,'1634657746.pdf',NULL),(364,'text','2',19,'n/a',2,1573804042,'2021-05-24 18:43:44',5,'1634657746.pdf',NULL),(365,'text','2',20,'n/a',2,1573804042,'2021-05-24 18:43:44',5,'1634657746.pdf',NULL),(366,'text','2',21,'n/a',2,1573804042,'2021-05-24 18:43:44',5,'1634657746.pdf',NULL),(367,'text','2',22,'',2,1573804042,'2021-05-24 18:43:44',5,'1634657746.pdf',NULL),(368,'text','2',23,'n/a',2,1573804042,'2021-05-24 18:43:44',5,'1634657746.pdf',NULL),(369,'text','3',24,'11111',2,1573804042,'2021-05-24 18:43:44',5,'1634657746.pdf',NULL),(370,'text','3',25,'0000000',2,1573804042,'2021-05-24 18:43:44',5,'1634657746.pdf',NULL),(371,'text','3',26,'11223,44555.55565, 33333',2,1573804042,'2021-05-24 18:43:44',5,'1634657746.pdf',NULL),(372,'checkbox','4',35,'on',2,1573804042,'2021-05-24 18:43:44',5,'1634657746.pdf',NULL),(373,'checkbox','4',36,'on',2,1573804042,'2021-05-24 18:43:44',5,'1634657746.pdf',NULL),(374,'checkbox','4',39,'on',2,1573804042,'2021-05-24 18:43:44',5,'1634657746.pdf',NULL),(375,'text','4',42,'',2,1573804042,'2021-05-24 18:43:44',5,'1634657746.pdf',NULL),(376,'radio','5',59,'on',2,1573804042,'2021-05-24 18:43:44',5,'1634657746.pdf',NULL),(377,'radio','5',60,'on',2,1573804042,'2021-05-24 18:43:44',5,'1634657746.pdf',NULL),(378,'radio','5',63,'on',2,1573804042,'2021-05-24 18:43:44',5,'1634657746.pdf',NULL),(379,'radio','5',65,'on',2,1573804042,'2021-05-24 18:43:44',5,'1634657746.pdf',NULL),(380,'radio','5',66,'on',2,1573804042,'2021-05-24 18:43:44',5,'1634657746.pdf',NULL),(381,'text','5',68,'',2,1573804042,'2021-05-24 18:43:44',5,'1634657746.pdf',NULL),(382,'checkbox','6',70,'on',2,1573804042,'2021-05-24 18:43:44',5,'1634657746.pdf',NULL),(383,'text','6',74,'',2,1573804042,'2021-05-24 18:43:44',5,'1634657746.pdf',NULL),(384,'radio','6',76,'on',2,1573804042,'2021-05-24 18:43:44',5,'1634657746.pdf',NULL),(385,'text','6',78,'',2,1573804042,'2021-05-24 18:43:44',5,'1634657746.pdf',NULL),(386,'checkbox','7',82,'on',2,1573804042,'2021-05-24 18:43:44',5,'1634657746.pdf',NULL),(387,'text','7',84,'',2,1573804042,'2021-05-24 18:43:44',5,'1634657746.pdf',NULL),(388,'checkbox','7',87,'on',2,1573804042,'2021-05-24 18:43:44',5,'1634657746.pdf',NULL),(389,'text','7',97,'',2,1573804042,'2021-05-24 18:43:44',5,'1634657746.pdf',NULL),(390,'text','8',98,'roofing',2,1573804042,'2021-05-24 18:43:44',5,'1634657746.pdf',NULL),(391,'signature','8',101,'1621881825.png',2,1573804042,'2021-05-24 18:43:44',5,'1634657746.pdf',NULL),(392,'date','8',102,'05-24-2021',2,1573804042,'2021-05-24 18:43:44',5,'1634657746.pdf',NULL),(393,'checkbox','4',29,'0',2,1573804042,'2021-05-24 18:43:44',5,'1634657746.pdf',NULL),(394,'checkbox','4',30,'0',2,1573804042,'2021-05-24 18:43:44',5,'1634657746.pdf',NULL),(395,'checkbox','4',31,'0',2,1573804042,'2021-05-24 18:43:44',5,'1634657746.pdf',NULL),(396,'checkbox','4',32,'0',2,1573804042,'2021-05-24 18:43:44',5,'1634657746.pdf',NULL),(397,'checkbox','4',33,'0',2,1573804042,'2021-05-24 18:43:44',5,'1634657746.pdf',NULL),(398,'checkbox','4',34,'0',2,1573804042,'2021-05-24 18:43:44',5,'1634657746.pdf',NULL),(399,'checkbox','4',37,'0',2,1573804042,'2021-05-24 18:43:44',5,'1634657746.pdf',NULL),(400,'checkbox','4',38,'0',2,1573804042,'2021-05-24 18:43:44',5,'1634657746.pdf',NULL),(401,'checkbox','4',41,'0',2,1573804042,'2021-05-24 18:43:44',5,'1634657746.pdf',NULL),(402,'checkbox','6',71,'0',2,1573804042,'2021-05-24 18:43:44',5,'1634657746.pdf',NULL),(403,'checkbox','6',72,'0',2,1573804042,'2021-05-24 18:43:44',5,'1634657746.pdf',NULL),(404,'checkbox','6',73,'0',2,1573804042,'2021-05-24 18:43:44',5,'1634657746.pdf',NULL),(405,'checkbox','7',80,'0',2,1573804042,'2021-05-24 18:43:44',5,'1634657746.pdf',NULL),(406,'checkbox','7',81,'0',2,1573804042,'2021-05-24 18:43:44',5,'1634657746.pdf',NULL),(407,'checkbox','7',88,'0',2,1573804042,'2021-05-24 18:43:44',5,'1634657746.pdf',NULL),(408,'checkbox','7',89,'0',2,1573804042,'2021-05-24 18:43:44',5,'1634657746.pdf',NULL),(409,'checkbox','7',90,'0',2,1573804042,'2021-05-24 18:43:44',5,'1634657746.pdf',NULL),(410,'checkbox','7',91,'0',2,1573804042,'2021-05-24 18:43:44',5,'1634657746.pdf',NULL),(411,'checkbox','7',92,'0',2,1573804042,'2021-05-24 18:43:44',5,'1634657746.pdf',NULL),(412,'checkbox','7',93,'0',2,1573804042,'2021-05-24 18:43:44',5,'1634657746.pdf',NULL),(413,'checkbox','7',94,'0',2,1573804042,'2021-05-24 18:43:44',5,'1634657746.pdf',NULL),(414,'checkbox','7',95,'0',2,1573804042,'2021-05-24 18:43:44',5,'1634657746.pdf',NULL),(415,'checkbox','7',96,'0',2,1573804042,'2021-05-24 18:43:44',5,'1634657746.pdf',NULL),(416,'radio','5',62,'0',2,1573804042,'2021-05-24 18:43:44',5,'1634657746.pdf',NULL),(417,'radio','6',77,'0',2,1573804042,'2021-05-24 18:43:44',5,'1634657746.pdf',NULL),(425,'text','1',1,'Trading',1,1349943756,'2021-06-06 18:05:54',6,'632533143.pdf',NULL),(426,'text','1',2,'Bruno',1,1349943756,'2021-06-06 18:05:54',6,'632533143.pdf',NULL),(427,'text','1',3,'Enteligence ',1,1349943756,'2021-06-06 18:05:54',6,'632533143.pdf',NULL),(428,'text','2',4,'12487845',1,1349943756,'2021-06-06 18:05:54',6,'632533143.pdf',NULL),(429,'label','2',103,'on',1,1349943756,'2021-06-06 18:05:54',6,'632533143.pdf',NULL),(430,'date','3',5,'06-18-2021',1,1349943756,'2021-06-06 18:05:54',6,'632533143.pdf',NULL),(431,'label','2',103,'0',1,1349943756,'2021-06-06 18:05:54',6,'632533143.pdf',NULL),(492,'text','1',6,'ABC',2,344077940,'2021-06-08 05:08:35',7,'198544242.pdf',NULL),(493,'text','1',7,'asdsa',2,344077940,'2021-06-08 05:08:35',7,'198544242.pdf',NULL),(494,'text','1',8,'asdsa',2,344077940,'2021-06-08 05:08:35',7,'198544242.pdf',NULL),(495,'text','1',9,'asdas',2,344077940,'2021-06-08 05:08:35',7,'198544242.pdf',NULL),(496,'text','1',10,'asdas',2,344077940,'2021-06-08 05:08:35',7,'198544242.pdf',NULL),(497,'text','1',11,'asdsa',2,344077940,'2021-06-08 05:08:35',7,'198544242.pdf',NULL),(498,'text','1',12,'asdas',2,344077940,'2021-06-08 05:08:35',7,'198544242.pdf',NULL),(499,'date','1',13,'06-15-2021',2,344077940,'2021-06-08 05:08:35',7,'198544242.pdf',NULL),(500,'text','1',14,'asasd',2,344077940,'2021-06-08 05:08:35',7,'198544242.pdf',NULL),(501,'text','1',15,'asdsad',2,344077940,'2021-06-08 05:08:35',7,'198544242.pdf',NULL),(502,'text','2',16,'',2,344077940,'2021-06-08 05:08:35',7,'198544242.pdf',NULL),(503,'text','2',17,'',2,344077940,'2021-06-08 05:08:35',7,'198544242.pdf',NULL),(504,'text','2',18,'',2,344077940,'2021-06-08 05:08:35',7,'198544242.pdf',NULL),(505,'text','2',19,'',2,344077940,'2021-06-08 05:08:35',7,'198544242.pdf',NULL),(506,'text','2',20,'',2,344077940,'2021-06-08 05:08:35',7,'198544242.pdf',NULL),(507,'text','2',21,'',2,344077940,'2021-06-08 05:08:35',7,'198544242.pdf',NULL),(508,'text','2',22,'',2,344077940,'2021-06-08 05:08:35',7,'198544242.pdf',NULL),(509,'text','2',23,'',2,344077940,'2021-06-08 05:08:35',7,'198544242.pdf',NULL),(510,'text','3',24,'2332',2,344077940,'2021-06-08 05:08:35',7,'198544242.pdf',NULL),(511,'text','3',25,'423',2,344077940,'2021-06-08 05:08:35',7,'198544242.pdf',NULL),(512,'text','3',26,'sdfs',2,344077940,'2021-06-08 05:08:35',7,'198544242.pdf',NULL),(513,'checkbox','4',29,'on',2,344077940,'2021-06-08 05:08:35',7,'198544242.pdf',NULL),(514,'checkbox','4',32,'on',2,344077940,'2021-06-08 05:08:35',7,'198544242.pdf',NULL),(515,'checkbox','4',36,'on',2,344077940,'2021-06-08 05:08:35',7,'198544242.pdf',NULL),(516,'text','4',42,'',2,344077940,'2021-06-08 05:08:35',7,'198544242.pdf',NULL),(517,'label','5',56,'on',2,344077940,'2021-06-08 05:08:35',7,'198544242.pdf',NULL),(518,'label','5',61,'on',2,344077940,'2021-06-08 05:08:35',7,'198544242.pdf',NULL),(519,'label','5',64,'on',2,344077940,'2021-06-08 05:08:35',7,'198544242.pdf',NULL),(520,'text','5',68,'',2,344077940,'2021-06-08 05:08:35',7,'198544242.pdf',NULL),(521,'checkbox','6',70,'on',2,344077940,'2021-06-08 05:08:35',7,'198544242.pdf',NULL),(522,'text','6',74,'',2,344077940,'2021-06-08 05:08:35',7,'198544242.pdf',NULL),(523,'label','6',75,'on',2,344077940,'2021-06-08 05:08:35',7,'198544242.pdf',NULL),(524,'text','6',78,'asdasda',2,344077940,'2021-06-08 05:08:35',7,'198544242.pdf',NULL),(525,'text','7',84,'',2,344077940,'2021-06-08 05:08:35',7,'198544242.pdf',NULL),(526,'text','7',97,'',2,344077940,'2021-06-08 05:08:35',7,'198544242.pdf',NULL),(527,'text','8',98,'',2,344077940,'2021-06-08 05:08:35',7,'198544242.pdf',NULL),(528,'signature','8',101,'1623128916.png',2,344077940,'2021-06-08 05:08:35',7,'198544242.pdf',NULL),(529,'date','8',102,'',2,344077940,'2021-06-08 05:08:35',7,'198544242.pdf',NULL),(530,'checkbox','4',30,'0',2,344077940,'2021-06-08 05:08:35',7,'198544242.pdf',NULL),(531,'checkbox','4',31,'0',2,344077940,'2021-06-08 05:08:35',7,'198544242.pdf',NULL),(532,'checkbox','4',33,'0',2,344077940,'2021-06-08 05:08:35',7,'198544242.pdf',NULL),(533,'checkbox','4',34,'0',2,344077940,'2021-06-08 05:08:35',7,'198544242.pdf',NULL),(534,'checkbox','4',35,'0',2,344077940,'2021-06-08 05:08:35',7,'198544242.pdf',NULL),(535,'checkbox','4',37,'0',2,344077940,'2021-06-08 05:08:35',7,'198544242.pdf',NULL),(536,'checkbox','4',38,'0',2,344077940,'2021-06-08 05:08:35',7,'198544242.pdf',NULL),(537,'checkbox','4',39,'0',2,344077940,'2021-06-08 05:08:35',7,'198544242.pdf',NULL),(538,'checkbox','4',41,'0',2,344077940,'2021-06-08 05:08:35',7,'198544242.pdf',NULL),(539,'checkbox','6',71,'0',2,344077940,'2021-06-08 05:08:35',7,'198544242.pdf',NULL),(540,'checkbox','6',72,'0',2,344077940,'2021-06-08 05:08:35',7,'198544242.pdf',NULL),(541,'checkbox','6',73,'0',2,344077940,'2021-06-08 05:08:35',7,'198544242.pdf',NULL),(542,'checkbox','7',80,'0',2,344077940,'2021-06-08 05:08:35',7,'198544242.pdf',NULL),(543,'checkbox','7',81,'0',2,344077940,'2021-06-08 05:08:35',7,'198544242.pdf',NULL),(544,'checkbox','7',82,'0',2,344077940,'2021-06-08 05:08:35',7,'198544242.pdf',NULL),(545,'checkbox','7',87,'0',2,344077940,'2021-06-08 05:08:35',7,'198544242.pdf',NULL),(546,'checkbox','7',88,'0',2,344077940,'2021-06-08 05:08:35',7,'198544242.pdf',NULL),(547,'checkbox','7',89,'0',2,344077940,'2021-06-08 05:08:35',7,'198544242.pdf',NULL),(548,'checkbox','7',90,'0',2,344077940,'2021-06-08 05:08:35',7,'198544242.pdf',NULL),(549,'checkbox','7',91,'0',2,344077940,'2021-06-08 05:08:35',7,'198544242.pdf',NULL),(550,'checkbox','7',92,'0',2,344077940,'2021-06-08 05:08:35',7,'198544242.pdf',NULL),(551,'checkbox','7',93,'0',2,344077940,'2021-06-08 05:08:35',7,'198544242.pdf',NULL),(552,'checkbox','7',94,'0',2,344077940,'2021-06-08 05:08:35',7,'198544242.pdf',NULL),(553,'checkbox','7',95,'0',2,344077940,'2021-06-08 05:08:35',7,'198544242.pdf',NULL),(554,'checkbox','7',96,'0',2,344077940,'2021-06-08 05:08:35',7,'198544242.pdf',NULL),(555,'label','5',56,'0',2,344077940,'2021-06-08 05:08:35',7,'198544242.pdf',NULL),(556,'label','5',61,'0',2,344077940,'2021-06-08 05:08:35',7,'198544242.pdf',NULL),(557,'label','5',64,'0',2,344077940,'2021-06-08 05:08:35',7,'198544242.pdf',NULL),(558,'label','6',75,'0',2,344077940,'2021-06-08 05:08:35',7,'198544242.pdf',NULL),(559,'text','1',6,'',2,129512187,'2021-06-08 06:23:46',8,NULL,NULL),(560,'text','1',7,'',2,129512187,'2021-06-08 06:23:46',8,NULL,NULL),(561,'text','1',8,'',2,129512187,'2021-06-08 06:23:46',8,NULL,NULL),(562,'text','1',9,'',2,129512187,'2021-06-08 06:23:46',8,NULL,NULL),(563,'text','1',10,'',2,129512187,'2021-06-08 06:23:46',8,NULL,NULL),(564,'text','1',11,'',2,129512187,'2021-06-08 06:23:46',8,NULL,NULL),(565,'text','1',12,'',2,129512187,'2021-06-08 06:23:46',8,NULL,NULL),(566,'date','1',13,'',2,129512187,'2021-06-08 06:23:46',8,NULL,NULL),(567,'text','1',14,'',2,129512187,'2021-06-08 06:23:46',8,NULL,NULL),(568,'text','1',15,'',2,129512187,'2021-06-08 06:23:46',8,NULL,NULL),(569,'text','2',16,'',2,129512187,'2021-06-08 06:23:47',8,NULL,NULL),(570,'text','2',17,'',2,129512187,'2021-06-08 06:23:47',8,NULL,NULL),(571,'text','2',18,'',2,129512187,'2021-06-08 06:23:48',8,NULL,NULL),(572,'text','2',19,'',2,129512187,'2021-06-08 06:23:48',8,NULL,NULL),(573,'text','2',20,'',2,129512187,'2021-06-08 06:23:48',8,NULL,NULL),(574,'text','2',21,'',2,129512187,'2021-06-08 06:23:48',8,NULL,NULL),(575,'text','2',22,'',2,129512187,'2021-06-08 06:23:48',8,NULL,NULL),(576,'text','2',23,'',2,129512187,'2021-06-08 06:23:48',8,NULL,NULL),(577,'text','3',24,'',2,129512187,'2021-06-08 06:23:49',8,NULL,NULL),(578,'text','3',25,'',2,129512187,'2021-06-08 06:23:49',8,NULL,NULL),(579,'text','3',26,'',2,129512187,'2021-06-08 06:23:49',8,NULL,NULL),(580,'checkbox','4',29,'0',2,129512187,'2021-06-08 06:23:51',8,NULL,NULL),(581,'checkbox','4',30,'0',2,129512187,'2021-06-08 06:23:51',8,NULL,NULL),(582,'checkbox','4',31,'0',2,129512187,'2021-06-08 06:23:51',8,NULL,NULL),(583,'checkbox','4',32,'0',2,129512187,'2021-06-08 06:23:51',8,NULL,NULL),(584,'checkbox','4',33,'0',2,129512187,'2021-06-08 06:23:51',8,NULL,NULL),(585,'checkbox','4',34,'0',2,129512187,'2021-06-08 06:23:51',8,NULL,NULL),(586,'checkbox','4',35,'0',2,129512187,'2021-06-08 06:23:51',8,NULL,NULL),(587,'checkbox','4',36,'0',2,129512187,'2021-06-08 06:23:51',8,NULL,NULL),(588,'checkbox','4',37,'0',2,129512187,'2021-06-08 06:23:51',8,NULL,NULL),(589,'checkbox','4',38,'0',2,129512187,'2021-06-08 06:23:51',8,NULL,NULL),(590,'checkbox','4',39,'0',2,129512187,'2021-06-08 06:23:51',8,NULL,NULL),(591,'checkbox','4',41,'0',2,129512187,'2021-06-08 06:23:51',8,NULL,NULL),(592,'text','4',42,'',2,129512187,'2021-06-08 06:23:51',8,NULL,NULL),(593,'radio','5',59,'0',2,129512187,'2021-06-08 06:24:04',8,NULL,NULL),(594,'radio','5',60,'on',2,129512187,'2021-06-08 06:24:04',8,NULL,NULL),(595,'radio','5',62,'on',2,129512187,'2021-06-08 06:24:04',8,NULL,NULL),(596,'radio','5',63,'0',2,129512187,'2021-06-08 06:24:04',8,NULL,NULL),(597,'radio','5',65,'on',2,129512187,'2021-06-08 06:24:04',8,NULL,NULL),(598,'radio','5',66,'0',2,129512187,'2021-06-08 06:24:04',8,NULL,NULL),(599,'text','5',68,'',2,129512187,'2021-06-08 06:24:04',8,NULL,NULL),(600,'checkbox','6',70,'0',2,129512187,'2021-06-08 06:24:10',8,NULL,NULL),(601,'checkbox','6',71,'0',2,129512187,'2021-06-08 06:24:10',8,NULL,NULL),(602,'checkbox','6',72,'0',2,129512187,'2021-06-08 06:24:10',8,NULL,NULL),(603,'checkbox','6',73,'0',2,129512187,'2021-06-08 06:24:10',8,NULL,NULL),(604,'text','6',74,'',2,129512187,'2021-06-08 06:24:10',8,NULL,NULL),(605,'radio','6',76,'0',2,129512187,'2021-06-08 06:24:10',8,NULL,NULL),(606,'radio','6',77,'on',2,129512187,'2021-06-08 06:24:10',8,NULL,NULL),(607,'text','6',78,'',2,129512187,'2021-06-08 06:24:10',8,NULL,NULL),(608,'text','1',6,'',2,129512187,'2021-06-08 11:22:29',9,NULL,NULL),(609,'text','1',7,'',2,129512187,'2021-06-08 11:22:29',9,NULL,NULL),(610,'text','1',8,'',2,129512187,'2021-06-08 11:22:29',9,NULL,NULL),(611,'text','1',9,'',2,129512187,'2021-06-08 11:22:29',9,NULL,NULL),(612,'text','1',10,'',2,129512187,'2021-06-08 11:22:29',9,NULL,NULL),(613,'text','1',11,'',2,129512187,'2021-06-08 11:22:29',9,NULL,NULL),(614,'text','1',12,'',2,129512187,'2021-06-08 11:22:29',9,NULL,NULL),(615,'date','1',13,'',2,129512187,'2021-06-08 11:22:29',9,NULL,NULL),(616,'text','1',14,'',2,129512187,'2021-06-08 11:22:29',9,NULL,NULL),(617,'text','1',15,'',2,129512187,'2021-06-08 11:22:29',9,NULL,NULL),(618,'text','2',16,'',2,129512187,'2021-06-08 11:22:30',9,NULL,NULL),(619,'text','2',17,'',2,129512187,'2021-06-08 11:22:30',9,NULL,NULL),(620,'text','2',18,'',2,129512187,'2021-06-08 11:22:30',9,NULL,NULL),(621,'text','2',19,'',2,129512187,'2021-06-08 11:22:30',9,NULL,NULL),(622,'text','2',20,'',2,129512187,'2021-06-08 11:22:30',9,NULL,NULL),(623,'text','2',21,'',2,129512187,'2021-06-08 11:22:30',9,NULL,NULL),(624,'text','2',22,'',2,129512187,'2021-06-08 11:22:30',9,NULL,NULL),(625,'text','2',23,'',2,129512187,'2021-06-08 11:22:30',9,NULL,NULL),(626,'text','3',24,'',2,129512187,'2021-06-08 11:22:32',9,NULL,NULL),(627,'text','3',25,'',2,129512187,'2021-06-08 11:22:32',9,NULL,NULL),(628,'text','3',26,'',2,129512187,'2021-06-08 11:22:32',9,NULL,NULL),(629,'checkbox','4',29,'0',2,129512187,'2021-06-08 11:22:33',9,NULL,NULL),(630,'checkbox','4',30,'0',2,129512187,'2021-06-08 11:22:33',9,NULL,NULL),(631,'checkbox','4',31,'0',2,129512187,'2021-06-08 11:22:33',9,NULL,NULL),(632,'checkbox','4',32,'0',2,129512187,'2021-06-08 11:22:33',9,NULL,NULL),(633,'checkbox','4',33,'0',2,129512187,'2021-06-08 11:22:33',9,NULL,NULL),(634,'checkbox','4',34,'0',2,129512187,'2021-06-08 11:22:33',9,NULL,NULL),(635,'checkbox','4',35,'0',2,129512187,'2021-06-08 11:22:33',9,NULL,NULL),(636,'checkbox','4',36,'0',2,129512187,'2021-06-08 11:22:33',9,NULL,NULL),(637,'checkbox','4',37,'0',2,129512187,'2021-06-08 11:22:33',9,NULL,NULL),(638,'checkbox','4',38,'0',2,129512187,'2021-06-08 11:22:33',9,NULL,NULL),(639,'checkbox','4',39,'0',2,129512187,'2021-06-08 11:22:33',9,NULL,NULL),(640,'checkbox','4',41,'0',2,129512187,'2021-06-08 11:22:33',9,NULL,NULL),(641,'text','4',42,'',2,129512187,'2021-06-08 11:22:33',9,NULL,NULL),(642,'radio','5',59,'0',2,129512187,'2021-06-08 11:22:44',9,NULL,NULL),(643,'radio','5',60,'on',2,129512187,'2021-06-08 11:22:44',9,NULL,NULL),(644,'radio','5',62,'0',2,129512187,'2021-06-08 11:22:44',9,NULL,NULL),(645,'radio','5',63,'on',2,129512187,'2021-06-08 11:22:44',9,NULL,NULL),(646,'radio','5',65,'0',2,129512187,'2021-06-08 11:22:44',9,NULL,NULL),(647,'radio','5',66,'on',2,129512187,'2021-06-08 11:22:44',9,NULL,NULL),(648,'text','5',68,'',2,129512187,'2021-06-08 11:22:44',9,NULL,NULL),(649,'checkbox','6',70,'0',2,129512187,'2021-06-08 11:22:48',9,NULL,NULL),(650,'checkbox','6',71,'0',2,129512187,'2021-06-08 11:22:48',9,NULL,NULL),(651,'checkbox','6',72,'0',2,129512187,'2021-06-08 11:22:48',9,NULL,NULL),(652,'checkbox','6',73,'0',2,129512187,'2021-06-08 11:22:48',9,NULL,NULL),(653,'text','6',74,'',2,129512187,'2021-06-08 11:22:48',9,NULL,NULL),(654,'radio','6',76,'0',2,129512187,'2021-06-08 11:22:48',9,NULL,NULL),(655,'radio','6',77,'on',2,129512187,'2021-06-08 11:22:48',9,NULL,NULL),(656,'text','6',78,'',2,129512187,'2021-06-08 11:22:48',9,NULL,NULL),(657,'checkbox','7',80,'0',2,129512187,'2021-06-08 11:22:50',9,NULL,NULL),(658,'checkbox','7',81,'0',2,129512187,'2021-06-08 11:22:50',9,NULL,NULL),(659,'checkbox','7',82,'0',2,129512187,'2021-06-08 11:22:51',9,NULL,NULL),(660,'text','7',84,'',2,129512187,'2021-06-08 11:22:51',9,NULL,NULL),(661,'checkbox','7',87,'0',2,129512187,'2021-06-08 11:22:51',9,NULL,NULL),(662,'checkbox','7',88,'0',2,129512187,'2021-06-08 11:22:51',9,NULL,NULL),(663,'checkbox','7',89,'0',2,129512187,'2021-06-08 11:22:51',9,NULL,NULL),(664,'checkbox','7',90,'0',2,129512187,'2021-06-08 11:22:51',9,NULL,NULL),(665,'checkbox','7',91,'0',2,129512187,'2021-06-08 11:22:51',9,NULL,NULL),(666,'checkbox','7',92,'0',2,129512187,'2021-06-08 11:22:51',9,NULL,NULL),(667,'checkbox','7',93,'0',2,129512187,'2021-06-08 11:22:51',9,NULL,NULL),(668,'checkbox','7',94,'0',2,129512187,'2021-06-08 11:22:51',9,NULL,NULL),(669,'checkbox','7',95,'0',2,129512187,'2021-06-08 11:22:51',9,NULL,NULL),(670,'checkbox','7',96,'0',2,129512187,'2021-06-08 11:22:51',9,NULL,NULL),(671,'text','7',97,'',2,129512187,'2021-06-08 11:22:51',9,NULL,NULL),(672,'checkbox','7',80,'0',2,129512187,'2021-06-08 11:26:28',8,NULL,NULL),(673,'checkbox','7',81,'0',2,129512187,'2021-06-08 11:26:28',8,NULL,NULL),(674,'checkbox','7',82,'0',2,129512187,'2021-06-08 11:26:28',8,NULL,NULL),(675,'text','7',84,'',2,129512187,'2021-06-08 11:26:28',8,NULL,NULL),(676,'checkbox','7',87,'0',2,129512187,'2021-06-08 11:26:28',8,NULL,NULL),(677,'checkbox','7',88,'0',2,129512187,'2021-06-08 11:26:28',8,NULL,NULL),(678,'checkbox','7',89,'0',2,129512187,'2021-06-08 11:26:28',8,NULL,NULL),(679,'checkbox','7',90,'0',2,129512187,'2021-06-08 11:26:28',8,NULL,NULL),(680,'checkbox','7',91,'0',2,129512187,'2021-06-08 11:26:28',8,NULL,NULL),(681,'checkbox','7',92,'0',2,129512187,'2021-06-08 11:26:28',8,NULL,NULL),(682,'checkbox','7',93,'0',2,129512187,'2021-06-08 11:26:28',8,NULL,NULL),(683,'checkbox','7',94,'0',2,129512187,'2021-06-08 11:26:28',8,NULL,NULL),(684,'checkbox','7',95,'0',2,129512187,'2021-06-08 11:26:28',8,NULL,NULL),(685,'checkbox','7',96,'0',2,129512187,'2021-06-08 11:26:28',8,NULL,NULL),(686,'text','7',97,'',2,129512187,'2021-06-08 11:26:28',8,NULL,NULL),(687,'text','8',98,'',2,129512187,'2021-06-08 11:26:30',8,NULL,NULL),(688,'signature','8',101,'',2,129512187,'2021-06-08 11:26:30',8,NULL,NULL),(689,'date','8',102,'',2,129512187,'2021-06-08 11:26:30',8,NULL,NULL),(690,'text','1',1,'',1,541558620,'2021-06-15 10:00:34',8,NULL,NULL),(691,'text','1',2,'',1,541558620,'2021-06-15 10:00:34',8,NULL,NULL),(692,'text','1',3,'',1,541558620,'2021-06-15 10:00:34',8,NULL,NULL),(693,'text','2',4,'',1,541558620,'2021-06-15 10:00:35',8,NULL,NULL),(694,'radio','2',104,'0',1,541558620,'2021-06-15 10:00:35',8,NULL,NULL),(695,'radio','2',105,'0',1,541558620,'2021-06-15 10:00:35',8,NULL,NULL),(696,'date','3',5,'',1,541558620,'2021-06-15 10:00:36',8,NULL,NULL),(704,'text','1',1,'dsd',1,1793428692,'2021-06-21 04:36:52',10,'233089925.pdf',NULL),(705,'text','1',2,'sds',1,1793428692,'2021-06-21 04:36:52',10,'233089925.pdf',NULL),(706,'text','1',3,'sds',1,1793428692,'2021-06-21 04:36:52',10,'233089925.pdf',NULL),(707,'text','2',4,'232',1,1793428692,'2021-06-21 04:36:52',10,'233089925.pdf',NULL),(708,'label','2',103,'on',1,1793428692,'2021-06-21 04:36:52',10,'233089925.pdf',NULL),(709,'date','3',5,'06-25-2021',1,1793428692,'2021-06-21 04:36:52',10,'233089925.pdf',NULL),(710,'label','2',103,'0',1,1793428692,'2021-06-21 04:36:52',10,'233089925.pdf',NULL),(778,'text','1',6,'ABC',2,762830281,'2021-08-20 09:42:07',3,'75496789.pdf',NULL),(779,'text','1',7,'abc.com',2,762830281,'2021-08-20 09:42:07',3,'75496789.pdf',NULL),(780,'text','1',8,'Newyork',2,762830281,'2021-08-20 09:42:07',3,'75496789.pdf',NULL),(781,'text','1',9,'Newyork',2,762830281,'2021-08-20 09:42:07',3,'75496789.pdf',NULL),(782,'text','1',10,'Newyork',2,762830281,'2021-08-20 09:42:07',3,'75496789.pdf',NULL),(783,'text','1',11,'USA',2,762830281,'2021-08-20 09:42:07',3,'75496789.pdf',NULL),(784,'text','1',12,'7070707',2,762830281,'2021-08-20 09:42:07',3,'75496789.pdf',NULL),(785,'date','1',13,'04-27-2021',2,762830281,'2021-08-20 09:42:07',3,'75496789.pdf',NULL),(786,'text','1',14,'46456456',2,762830281,'2021-08-20 09:42:07',3,'75496789.pdf',NULL),(787,'text','1',15,'Self',2,762830281,'2021-08-20 09:42:07',3,'75496789.pdf',NULL),(788,'text','2',16,'mehul@contactprocrm.com',2,762830281,'2021-08-20 09:42:07',3,'75496789.pdf',NULL),(789,'text','2',17,'9714959456',2,762830281,'2021-08-20 09:42:07',3,'75496789.pdf',NULL),(790,'text','2',18,'34567',2,762830281,'2021-08-20 09:42:07',3,'75496789.pdf',NULL),(791,'text','2',19,'56789876',2,762830281,'2021-08-20 09:42:07',3,'75496789.pdf',NULL),(792,'text','2',20,'Spouse',2,762830281,'2021-08-20 09:42:07',3,'75496789.pdf',NULL),(793,'text','2',21,'45678987',2,762830281,'2021-08-20 09:42:07',3,'75496789.pdf',NULL),(794,'text','2',22,'56789',2,762830281,'2021-08-20 09:42:07',3,'75496789.pdf',NULL),(795,'text','2',23,'abc@abc.com',2,762830281,'2021-08-20 09:42:07',3,'75496789.pdf',NULL),(796,'text','3',24,'12312',2,762830281,'2021-08-20 09:42:07',3,'75496789.pdf',NULL),(797,'text','3',25,'23432',2,762830281,'2021-08-20 09:42:07',3,'75496789.pdf',NULL),(798,'text','3',26,'23423',2,762830281,'2021-08-20 09:42:07',3,'75496789.pdf',NULL),(799,'checkbox','4',35,'on',2,762830281,'2021-08-20 09:42:07',3,'75496789.pdf',NULL),(800,'text','4',42,'',2,762830281,'2021-08-20 09:42:07',3,'75496789.pdf',NULL),(801,'label','5',56,'on',2,762830281,'2021-08-20 09:42:07',3,'75496789.pdf',NULL),(802,'label','5',61,'on',2,762830281,'2021-08-20 09:42:07',3,'75496789.pdf',NULL),(803,'label','5',64,'on',2,762830281,'2021-08-20 09:42:07',3,'75496789.pdf',NULL),(804,'text','5',68,'Bond',2,762830281,'2021-08-20 09:42:07',3,'75496789.pdf',NULL),(805,'checkbox','6',71,'on',2,762830281,'2021-08-20 09:42:07',3,'75496789.pdf',NULL),(806,'checkbox','6',72,'on',2,762830281,'2021-08-20 09:42:07',3,'75496789.pdf',NULL),(807,'text','6',74,'',2,762830281,'2021-08-20 09:42:07',3,'75496789.pdf',NULL),(808,'label','6',75,'on',2,762830281,'2021-08-20 09:42:07',3,'75496789.pdf',NULL),(809,'text','6',78,'',2,762830281,'2021-08-20 09:42:07',3,'75496789.pdf',NULL),(810,'checkbox','7',80,'on',2,762830281,'2021-08-20 09:42:07',3,'75496789.pdf',NULL),(811,'checkbox','7',82,'on',2,762830281,'2021-08-20 09:42:07',3,'75496789.pdf',NULL),(812,'text','7',84,'',2,762830281,'2021-08-20 09:42:07',3,'75496789.pdf',NULL),(813,'checkbox','7',88,'on',2,762830281,'2021-08-20 09:42:07',3,'75496789.pdf',NULL),(814,'checkbox','7',89,'on',2,762830281,'2021-08-20 09:42:07',3,'75496789.pdf',NULL),(815,'checkbox','7',92,'on',2,762830281,'2021-08-20 09:42:07',3,'75496789.pdf',NULL),(816,'text','7',97,'',2,762830281,'2021-08-20 09:42:07',3,'75496789.pdf',NULL),(817,'text','8',98,'fghjkl',2,762830281,'2021-08-20 09:42:07',3,'75496789.pdf',NULL),(818,'signature','8',101,'1629452528.png',2,762830281,'2021-08-20 09:42:07',3,'75496789.pdf',NULL),(819,'date','8',102,'05-27-2021',2,762830281,'2021-08-20 09:42:07',3,'75496789.pdf',NULL),(820,'checkbox','4',29,'0',2,762830281,'2021-08-20 09:42:07',3,'75496789.pdf',NULL),(821,'checkbox','4',30,'0',2,762830281,'2021-08-20 09:42:07',3,'75496789.pdf',NULL),(822,'checkbox','4',31,'0',2,762830281,'2021-08-20 09:42:07',3,'75496789.pdf',NULL),(823,'checkbox','4',32,'0',2,762830281,'2021-08-20 09:42:07',3,'75496789.pdf',NULL),(824,'checkbox','4',33,'0',2,762830281,'2021-08-20 09:42:07',3,'75496789.pdf',NULL),(825,'checkbox','4',34,'0',2,762830281,'2021-08-20 09:42:07',3,'75496789.pdf',NULL),(826,'checkbox','4',36,'0',2,762830281,'2021-08-20 09:42:07',3,'75496789.pdf',NULL),(827,'checkbox','4',37,'0',2,762830281,'2021-08-20 09:42:07',3,'75496789.pdf',NULL),(828,'checkbox','4',38,'0',2,762830281,'2021-08-20 09:42:07',3,'75496789.pdf',NULL),(829,'checkbox','4',39,'0',2,762830281,'2021-08-20 09:42:07',3,'75496789.pdf',NULL),(830,'checkbox','4',41,'0',2,762830281,'2021-08-20 09:42:07',3,'75496789.pdf',NULL),(831,'checkbox','6',70,'0',2,762830281,'2021-08-20 09:42:07',3,'75496789.pdf',NULL),(832,'checkbox','6',73,'0',2,762830281,'2021-08-20 09:42:07',3,'75496789.pdf',NULL),(833,'checkbox','7',81,'0',2,762830281,'2021-08-20 09:42:07',3,'75496789.pdf',NULL),(834,'checkbox','7',87,'0',2,762830281,'2021-08-20 09:42:07',3,'75496789.pdf',NULL),(835,'checkbox','7',90,'0',2,762830281,'2021-08-20 09:42:07',3,'75496789.pdf',NULL),(836,'checkbox','7',91,'0',2,762830281,'2021-08-20 09:42:07',3,'75496789.pdf',NULL),(837,'checkbox','7',93,'0',2,762830281,'2021-08-20 09:42:07',3,'75496789.pdf',NULL),(838,'checkbox','7',94,'0',2,762830281,'2021-08-20 09:42:07',3,'75496789.pdf',NULL),(839,'checkbox','7',95,'0',2,762830281,'2021-08-20 09:42:07',3,'75496789.pdf',NULL),(840,'checkbox','7',96,'0',2,762830281,'2021-08-20 09:42:07',3,'75496789.pdf',NULL),(841,'label','5',56,'0',2,762830281,'2021-08-20 09:42:07',3,'75496789.pdf',NULL),(842,'label','5',61,'0',2,762830281,'2021-08-20 09:42:07',3,'75496789.pdf',NULL),(843,'label','5',64,'0',2,762830281,'2021-08-20 09:42:07',3,'75496789.pdf',NULL),(844,'label','6',75,'0',2,762830281,'2021-08-20 09:42:07',3,'75496789.pdf',NULL),(912,'text','1',6,'asdasd',2,299566614,'2021-08-20 09:44:28',11,'1239901361.pdf',NULL),(913,'text','1',7,'',2,299566614,'2021-08-20 09:44:28',11,'1239901361.pdf',NULL),(914,'text','1',8,'adasd',2,299566614,'2021-08-20 09:44:28',11,'1239901361.pdf',NULL),(915,'text','1',9,'asdasd',2,299566614,'2021-08-20 09:44:28',11,'1239901361.pdf',NULL),(916,'text','1',10,'adasd',2,299566614,'2021-08-20 09:44:28',11,'1239901361.pdf',NULL),(917,'text','1',11,'asdasd',2,299566614,'2021-08-20 09:44:28',11,'1239901361.pdf',NULL),(918,'text','1',12,'',2,299566614,'2021-08-20 09:44:28',11,'1239901361.pdf',NULL),(919,'date','1',13,'',2,299566614,'2021-08-20 09:44:28',11,'1239901361.pdf',NULL),(920,'text','1',14,'',2,299566614,'2021-08-20 09:44:28',11,'1239901361.pdf',NULL),(921,'text','1',15,'',2,299566614,'2021-08-20 09:44:28',11,'1239901361.pdf',NULL),(922,'text','2',16,'asdasdasd',2,299566614,'2021-08-20 09:44:28',11,'1239901361.pdf',NULL),(923,'text','2',17,'',2,299566614,'2021-08-20 09:44:28',11,'1239901361.pdf',NULL),(924,'text','2',18,'',2,299566614,'2021-08-20 09:44:28',11,'1239901361.pdf',NULL),(925,'text','2',19,'',2,299566614,'2021-08-20 09:44:28',11,'1239901361.pdf',NULL),(926,'text','2',20,'',2,299566614,'2021-08-20 09:44:28',11,'1239901361.pdf',NULL),(927,'text','2',21,'',2,299566614,'2021-08-20 09:44:28',11,'1239901361.pdf',NULL),(928,'text','2',22,'',2,299566614,'2021-08-20 09:44:28',11,'1239901361.pdf',NULL),(929,'text','2',23,'',2,299566614,'2021-08-20 09:44:28',11,'1239901361.pdf',NULL),(930,'text','3',24,'',2,299566614,'2021-08-20 09:44:28',11,'1239901361.pdf',NULL),(931,'text','3',25,'',2,299566614,'2021-08-20 09:44:28',11,'1239901361.pdf',NULL),(932,'text','3',26,'',2,299566614,'2021-08-20 09:44:28',11,'1239901361.pdf',NULL),(933,'checkbox','4',31,'on',2,299566614,'2021-08-20 09:44:28',11,'1239901361.pdf',NULL),(934,'checkbox','4',32,'on',2,299566614,'2021-08-20 09:44:28',11,'1239901361.pdf',NULL),(935,'checkbox','4',33,'on',2,299566614,'2021-08-20 09:44:28',11,'1239901361.pdf',NULL),(936,'checkbox','4',34,'on',2,299566614,'2021-08-20 09:44:28',11,'1239901361.pdf',NULL),(937,'checkbox','4',35,'on',2,299566614,'2021-08-20 09:44:28',11,'1239901361.pdf',NULL),(938,'checkbox','4',36,'on',2,299566614,'2021-08-20 09:44:28',11,'1239901361.pdf',NULL),(939,'text','4',42,'',2,299566614,'2021-08-20 09:44:28',11,'1239901361.pdf',NULL),(940,'label','5',56,'on',2,299566614,'2021-08-20 09:44:28',11,'1239901361.pdf',NULL),(941,'label','5',61,'on',2,299566614,'2021-08-20 09:44:28',11,'1239901361.pdf',NULL),(942,'label','5',64,'on',2,299566614,'2021-08-20 09:44:28',11,'1239901361.pdf',NULL),(943,'text','5',68,'',2,299566614,'2021-08-20 09:44:28',11,'1239901361.pdf',NULL),(944,'checkbox','6',70,'on',2,299566614,'2021-08-20 09:44:28',11,'1239901361.pdf',NULL),(945,'checkbox','6',73,'on',2,299566614,'2021-08-20 09:44:28',11,'1239901361.pdf',NULL),(946,'text','6',74,'',2,299566614,'2021-08-20 09:44:28',11,'1239901361.pdf',NULL),(947,'label','6',75,'on',2,299566614,'2021-08-20 09:44:28',11,'1239901361.pdf',NULL),(948,'text','6',78,'',2,299566614,'2021-08-20 09:44:28',11,'1239901361.pdf',NULL),(949,'checkbox','7',82,'on',2,299566614,'2021-08-20 09:44:28',11,'1239901361.pdf',NULL),(950,'text','7',84,'',2,299566614,'2021-08-20 09:44:28',11,'1239901361.pdf',NULL),(951,'checkbox','7',91,'on',2,299566614,'2021-08-20 09:44:28',11,'1239901361.pdf',NULL),(952,'checkbox','7',94,'on',2,299566614,'2021-08-20 09:44:28',11,'1239901361.pdf',NULL),(953,'text','7',97,'',2,299566614,'2021-08-20 09:44:28',11,'1239901361.pdf',NULL),(954,'text','8',98,'test',2,299566614,'2021-08-20 09:44:28',11,'1239901361.pdf',NULL),(955,'signature','8',101,'1629452669.png',2,299566614,'2021-08-20 09:44:28',11,'1239901361.pdf',NULL),(956,'date','8',102,'',2,299566614,'2021-08-20 09:44:28',11,'1239901361.pdf',NULL),(957,'checkbox','4',29,'0',2,299566614,'2021-08-20 09:44:28',11,'1239901361.pdf',NULL),(958,'checkbox','4',30,'0',2,299566614,'2021-08-20 09:44:28',11,'1239901361.pdf',NULL),(959,'checkbox','4',37,'0',2,299566614,'2021-08-20 09:44:28',11,'1239901361.pdf',NULL),(960,'checkbox','4',38,'0',2,299566614,'2021-08-20 09:44:28',11,'1239901361.pdf',NULL),(961,'checkbox','4',39,'0',2,299566614,'2021-08-20 09:44:28',11,'1239901361.pdf',NULL),(962,'checkbox','4',41,'0',2,299566614,'2021-08-20 09:44:28',11,'1239901361.pdf',NULL),(963,'checkbox','6',71,'0',2,299566614,'2021-08-20 09:44:28',11,'1239901361.pdf',NULL),(964,'checkbox','6',72,'0',2,299566614,'2021-08-20 09:44:28',11,'1239901361.pdf',NULL),(965,'checkbox','7',80,'0',2,299566614,'2021-08-20 09:44:28',11,'1239901361.pdf',NULL),(966,'checkbox','7',81,'0',2,299566614,'2021-08-20 09:44:28',11,'1239901361.pdf',NULL),(967,'checkbox','7',87,'0',2,299566614,'2021-08-20 09:44:28',11,'1239901361.pdf',NULL),(968,'checkbox','7',88,'0',2,299566614,'2021-08-20 09:44:28',11,'1239901361.pdf',NULL),(969,'checkbox','7',89,'0',2,299566614,'2021-08-20 09:44:28',11,'1239901361.pdf',NULL),(970,'checkbox','7',90,'0',2,299566614,'2021-08-20 09:44:28',11,'1239901361.pdf',NULL),(971,'checkbox','7',92,'0',2,299566614,'2021-08-20 09:44:28',11,'1239901361.pdf',NULL),(972,'checkbox','7',93,'0',2,299566614,'2021-08-20 09:44:28',11,'1239901361.pdf',NULL),(973,'checkbox','7',95,'0',2,299566614,'2021-08-20 09:44:28',11,'1239901361.pdf',NULL),(974,'checkbox','7',96,'0',2,299566614,'2021-08-20 09:44:28',11,'1239901361.pdf',NULL),(975,'label','5',56,'0',2,299566614,'2021-08-20 09:44:28',11,'1239901361.pdf',NULL),(976,'label','5',61,'0',2,299566614,'2021-08-20 09:44:28',11,'1239901361.pdf',NULL),(977,'label','5',64,'0',2,299566614,'2021-08-20 09:44:28',11,'1239901361.pdf',NULL),(978,'label','6',75,'0',2,299566614,'2021-08-20 09:44:28',11,'1239901361.pdf',NULL),(1113,'text','1',6,'Flipping Brothers',2,182007199,'2021-08-30 19:05:26',12,'471807803.pdf',NULL),(1114,'text','1',7,'N/A',2,182007199,'2021-08-30 19:05:26',12,'471807803.pdf',NULL),(1115,'text','1',8,'40 Driftwood Blvd',2,182007199,'2021-08-30 19:05:26',12,'471807803.pdf',NULL),(1116,'text','1',9,'Kenner',2,182007199,'2021-08-30 19:05:26',12,'471807803.pdf',NULL),(1117,'text','1',10,'Louisiana',2,182007199,'2021-08-30 19:05:26',12,'471807803.pdf',NULL),(1118,'text','1',11,'U.S.',2,182007199,'2021-08-30 19:05:26',12,'471807803.pdf',NULL),(1119,'text','1',12,'70063',2,182007199,'2021-08-30 19:05:26',12,'471807803.pdf',NULL),(1120,'date','1',13,'11-01-2020',2,182007199,'2021-08-30 19:05:26',12,'471807803.pdf',NULL),(1121,'text','1',14,'Todd Alfortish',2,182007199,'2021-08-30 19:05:26',12,'471807803.pdf',NULL),(1122,'text','1',15,'Manager',2,182007199,'2021-08-30 19:05:26',12,'471807803.pdf',NULL),(1123,'text','2',16,'talfortish@yahoo.com',2,182007199,'2021-08-30 19:05:26',12,'471807803.pdf',NULL),(1124,'text','2',17,'504346-1118',2,182007199,'2021-08-30 19:05:26',12,'471807803.pdf',NULL),(1125,'text','2',18,'n/a',2,182007199,'2021-08-30 19:05:26',12,'471807803.pdf',NULL),(1126,'text','2',19,'Sean Alfortish',2,182007199,'2021-08-30 19:05:26',12,'471807803.pdf',NULL),(1127,'text','2',20,'',2,182007199,'2021-08-30 19:05:26',12,'471807803.pdf',NULL),(1128,'text','2',21,'5042759181',2,182007199,'2021-08-30 19:05:26',12,'471807803.pdf',NULL),(1129,'text','2',22,'',2,182007199,'2021-08-30 19:05:26',12,'471807803.pdf',NULL),(1130,'text','2',23,'lawqb@aol.com',2,182007199,'2021-08-30 19:05:26',12,'471807803.pdf',NULL),(1131,'text','3',24,'TBD',2,182007199,'2021-08-30 19:05:26',12,'471807803.pdf',NULL),(1132,'text','3',25,'TBD',2,182007199,'2021-08-30 19:05:26',12,'471807803.pdf',NULL),(1133,'text','3',26,'TBD',2,182007199,'2021-08-30 19:05:26',12,'471807803.pdf',NULL),(1134,'checkbox','4',35,'on',2,182007199,'2021-08-30 19:05:26',12,'471807803.pdf',NULL),(1135,'text','4',42,'',2,182007199,'2021-08-30 19:05:26',12,'471807803.pdf',NULL),(1136,'label','5',56,'on',2,182007199,'2021-08-30 19:05:26',12,'471807803.pdf',NULL),(1137,'label','5',61,'on',2,182007199,'2021-08-30 19:05:26',12,'471807803.pdf',NULL),(1138,'label','5',64,'on',2,182007199,'2021-08-30 19:05:26',12,'471807803.pdf',NULL),(1139,'text','5',68,'',2,182007199,'2021-08-30 19:05:26',12,'471807803.pdf',NULL),(1140,'checkbox','6',73,'on',2,182007199,'2021-08-30 19:05:26',12,'471807803.pdf',NULL),(1141,'text','6',74,'Licensed contractor in Louisiana to take on tarp for roofing',2,182007199,'2021-08-30 19:05:26',12,'471807803.pdf',NULL),(1142,'label','6',75,'on',2,182007199,'2021-08-30 19:05:26',12,'471807803.pdf',NULL),(1143,'text','6',78,'',2,182007199,'2021-08-30 19:05:26',12,'471807803.pdf',NULL),(1144,'checkbox','7',80,'on',2,182007199,'2021-08-30 19:05:26',12,'471807803.pdf',NULL),(1145,'text','7',84,'',2,182007199,'2021-08-30 19:05:26',12,'471807803.pdf',NULL),(1146,'checkbox','7',94,'on',2,182007199,'2021-08-30 19:05:26',12,'471807803.pdf',NULL),(1147,'checkbox','7',96,'on',2,182007199,'2021-08-30 19:05:26',12,'471807803.pdf',NULL),(1148,'text','7',97,'roofing work and general contracting/demo from strom damage',2,182007199,'2021-08-30 19:05:26',12,'471807803.pdf',NULL),(1149,'text','8',98,'We are licensed and insured general conractor in Louisiana to assist with tarps for damaged roofs',2,182007199,'2021-08-30 19:05:26',12,'471807803.pdf',NULL),(1150,'signature','8',101,'1630350327.png',2,182007199,'2021-08-30 19:05:26',12,'471807803.pdf',NULL),(1151,'date','8',102,'08-30-2021',2,182007199,'2021-08-30 19:05:26',12,'471807803.pdf',NULL),(1152,'checkbox','4',29,'0',2,182007199,'2021-08-30 19:05:26',12,'471807803.pdf',NULL),(1153,'checkbox','4',30,'0',2,182007199,'2021-08-30 19:05:26',12,'471807803.pdf',NULL),(1154,'checkbox','4',31,'0',2,182007199,'2021-08-30 19:05:26',12,'471807803.pdf',NULL),(1155,'checkbox','4',32,'0',2,182007199,'2021-08-30 19:05:26',12,'471807803.pdf',NULL),(1156,'checkbox','4',33,'0',2,182007199,'2021-08-30 19:05:26',12,'471807803.pdf',NULL),(1157,'checkbox','4',34,'0',2,182007199,'2021-08-30 19:05:26',12,'471807803.pdf',NULL),(1158,'checkbox','4',36,'0',2,182007199,'2021-08-30 19:05:26',12,'471807803.pdf',NULL),(1159,'checkbox','4',37,'0',2,182007199,'2021-08-30 19:05:26',12,'471807803.pdf',NULL),(1160,'checkbox','4',38,'0',2,182007199,'2021-08-30 19:05:26',12,'471807803.pdf',NULL),(1161,'checkbox','4',39,'0',2,182007199,'2021-08-30 19:05:26',12,'471807803.pdf',NULL),(1162,'checkbox','4',41,'0',2,182007199,'2021-08-30 19:05:26',12,'471807803.pdf',NULL),(1163,'checkbox','6',70,'0',2,182007199,'2021-08-30 19:05:26',12,'471807803.pdf',NULL),(1164,'checkbox','6',71,'0',2,182007199,'2021-08-30 19:05:26',12,'471807803.pdf',NULL),(1165,'checkbox','6',72,'0',2,182007199,'2021-08-30 19:05:26',12,'471807803.pdf',NULL),(1166,'checkbox','7',81,'0',2,182007199,'2021-08-30 19:05:26',12,'471807803.pdf',NULL),(1167,'checkbox','7',82,'0',2,182007199,'2021-08-30 19:05:26',12,'471807803.pdf',NULL),(1168,'checkbox','7',87,'0',2,182007199,'2021-08-30 19:05:26',12,'471807803.pdf',NULL),(1169,'checkbox','7',88,'0',2,182007199,'2021-08-30 19:05:26',12,'471807803.pdf',NULL),(1170,'checkbox','7',89,'0',2,182007199,'2021-08-30 19:05:26',12,'471807803.pdf',NULL),(1171,'checkbox','7',90,'0',2,182007199,'2021-08-30 19:05:26',12,'471807803.pdf',NULL),(1172,'checkbox','7',91,'0',2,182007199,'2021-08-30 19:05:26',12,'471807803.pdf',NULL),(1173,'checkbox','7',92,'0',2,182007199,'2021-08-30 19:05:26',12,'471807803.pdf',NULL),(1174,'checkbox','7',93,'0',2,182007199,'2021-08-30 19:05:26',12,'471807803.pdf',NULL),(1175,'checkbox','7',95,'0',2,182007199,'2021-08-30 19:05:26',12,'471807803.pdf',NULL),(1176,'label','5',56,'0',2,182007199,'2021-08-30 19:05:26',12,'471807803.pdf',NULL),(1177,'label','5',61,'0',2,182007199,'2021-08-30 19:05:26',12,'471807803.pdf',NULL),(1178,'label','5',64,'0',2,182007199,'2021-08-30 19:05:26',12,'471807803.pdf',NULL),(1179,'label','6',75,'0',2,182007199,'2021-08-30 19:05:26',12,'471807803.pdf',NULL),(1247,'text','1',6,'asdasdasd',2,594869426,'2021-09-01 10:27:04',15,'809456273.pdf',NULL),(1248,'text','1',7,'228 , BHANDARWAD',2,594869426,'2021-09-01 10:27:04',15,'809456273.pdf',NULL),(1249,'text','1',8,'SARIGAM',2,594869426,'2021-09-01 10:27:04',15,'809456273.pdf',NULL),(1250,'text','1',9,'assdasd',2,594869426,'2021-09-01 10:27:04',15,'809456273.pdf',NULL),(1251,'text','1',10,'GUJARAT',2,594869426,'2021-09-01 10:27:04',15,'809456273.pdf',NULL),(1252,'text','1',11,'India',2,594869426,'2021-09-01 10:27:04',15,'809456273.pdf',NULL),(1253,'text','1',12,'sd',2,594869426,'2021-09-01 10:27:04',15,'809456273.pdf',NULL),(1254,'date','1',13,'09-01-2021',2,594869426,'2021-09-01 10:27:04',15,'809456273.pdf',NULL),(1255,'text','1',14,'asdasdas',2,594869426,'2021-09-01 10:27:04',15,'809456273.pdf',NULL),(1256,'text','1',15,'asda',2,594869426,'2021-09-01 10:27:04',15,'809456273.pdf',NULL),(1257,'text','2',16,'asdasd',2,594869426,'2021-09-01 10:27:04',15,'809456273.pdf',NULL),(1258,'text','2',17,'32342',2,594869426,'2021-09-01 10:27:04',15,'809456273.pdf',NULL),(1259,'text','2',18,'asdas',2,594869426,'2021-09-01 10:27:04',15,'809456273.pdf',NULL),(1260,'text','2',19,'4234',2,594869426,'2021-09-01 10:27:04',15,'809456273.pdf',NULL),(1261,'text','2',20,'2342',2,594869426,'2021-09-01 10:27:04',15,'809456273.pdf',NULL),(1262,'text','2',21,'asd',2,594869426,'2021-09-01 10:27:04',15,'809456273.pdf',NULL),(1263,'text','2',22,'sadas',2,594869426,'2021-09-01 10:27:04',15,'809456273.pdf',NULL),(1264,'text','2',23,'asdadasd',2,594869426,'2021-09-01 10:27:04',15,'809456273.pdf',NULL),(1265,'text','3',24,'dfsdfs',2,594869426,'2021-09-01 10:27:04',15,'809456273.pdf',NULL),(1266,'text','3',25,'sfds',2,594869426,'2021-09-01 10:27:04',15,'809456273.pdf',NULL),(1267,'text','3',26,'sfsdd',2,594869426,'2021-09-01 10:27:04',15,'809456273.pdf',NULL),(1268,'checkbox','4',29,'on',2,594869426,'2021-09-01 10:27:04',15,'809456273.pdf',NULL),(1269,'checkbox','4',30,'on',2,594869426,'2021-09-01 10:27:04',15,'809456273.pdf',NULL),(1270,'checkbox','4',31,'on',2,594869426,'2021-09-01 10:27:04',15,'809456273.pdf',NULL),(1271,'checkbox','4',32,'on',2,594869426,'2021-09-01 10:27:04',15,'809456273.pdf',NULL),(1272,'checkbox','4',33,'on',2,594869426,'2021-09-01 10:27:04',15,'809456273.pdf',NULL),(1273,'checkbox','4',34,'on',2,594869426,'2021-09-01 10:27:04',15,'809456273.pdf',NULL),(1274,'checkbox','4',35,'on',2,594869426,'2021-09-01 10:27:04',15,'809456273.pdf',NULL),(1275,'checkbox','4',36,'on',2,594869426,'2021-09-01 10:27:04',15,'809456273.pdf',NULL),(1276,'checkbox','4',37,'on',2,594869426,'2021-09-01 10:27:04',15,'809456273.pdf',NULL),(1277,'checkbox','4',38,'on',2,594869426,'2021-09-01 10:27:04',15,'809456273.pdf',NULL),(1278,'checkbox','4',39,'on',2,594869426,'2021-09-01 10:27:04',15,'809456273.pdf',NULL),(1279,'checkbox','4',41,'on',2,594869426,'2021-09-01 10:27:04',15,'809456273.pdf',NULL),(1280,'text','4',42,'adasdsads',2,594869426,'2021-09-01 10:27:04',15,'809456273.pdf',NULL),(1281,'label','5',56,'on',2,594869426,'2021-09-01 10:27:04',15,'809456273.pdf',NULL),(1282,'label','5',61,'on',2,594869426,'2021-09-01 10:27:04',15,'809456273.pdf',NULL),(1283,'label','5',64,'on',2,594869426,'2021-09-01 10:27:04',15,'809456273.pdf',NULL),(1284,'text','5',68,'',2,594869426,'2021-09-01 10:27:04',15,'809456273.pdf',NULL),(1285,'checkbox','6',70,'on',2,594869426,'2021-09-01 10:27:04',15,'809456273.pdf',NULL),(1286,'checkbox','6',71,'on',2,594869426,'2021-09-01 10:27:04',15,'809456273.pdf',NULL),(1287,'checkbox','6',72,'on',2,594869426,'2021-09-01 10:27:04',15,'809456273.pdf',NULL),(1288,'checkbox','6',73,'on',2,594869426,'2021-09-01 10:27:04',15,'809456273.pdf',NULL),(1289,'text','6',74,'',2,594869426,'2021-09-01 10:27:04',15,'809456273.pdf',NULL),(1290,'label','6',75,'on',2,594869426,'2021-09-01 10:27:04',15,'809456273.pdf',NULL),(1291,'text','6',78,'adasdasd',2,594869426,'2021-09-01 10:27:04',15,'809456273.pdf',NULL),(1292,'checkbox','7',80,'on',2,594869426,'2021-09-01 10:27:04',15,'809456273.pdf',NULL),(1293,'checkbox','7',81,'on',2,594869426,'2021-09-01 10:27:04',15,'809456273.pdf',NULL),(1294,'text','7',84,'',2,594869426,'2021-09-01 10:27:04',15,'809456273.pdf',NULL),(1295,'checkbox','7',89,'on',2,594869426,'2021-09-01 10:27:04',15,'809456273.pdf',NULL),(1296,'checkbox','7',91,'on',2,594869426,'2021-09-01 10:27:04',15,'809456273.pdf',NULL),(1297,'checkbox','7',93,'on',2,594869426,'2021-09-01 10:27:04',15,'809456273.pdf',NULL),(1298,'text','7',97,'',2,594869426,'2021-09-01 10:27:04',15,'809456273.pdf',NULL),(1299,'text','8',98,'asdasasd',2,594869426,'2021-09-01 10:27:04',15,'809456273.pdf',NULL),(1300,'signature','8',101,'1630492025.png',2,594869426,'2021-09-01 10:27:04',15,'809456273.pdf',NULL),(1301,'date','8',102,'',2,594869426,'2021-09-01 10:27:04',15,'809456273.pdf',NULL),(1302,'checkbox','7',82,'0',2,594869426,'2021-09-01 10:27:04',15,'809456273.pdf',NULL),(1303,'checkbox','7',87,'0',2,594869426,'2021-09-01 10:27:04',15,'809456273.pdf',NULL),(1304,'checkbox','7',88,'0',2,594869426,'2021-09-01 10:27:04',15,'809456273.pdf',NULL),(1305,'checkbox','7',90,'0',2,594869426,'2021-09-01 10:27:04',15,'809456273.pdf',NULL),(1306,'checkbox','7',92,'0',2,594869426,'2021-09-01 10:27:04',15,'809456273.pdf',NULL),(1307,'checkbox','7',94,'0',2,594869426,'2021-09-01 10:27:04',15,'809456273.pdf',NULL),(1308,'checkbox','7',95,'0',2,594869426,'2021-09-01 10:27:04',15,'809456273.pdf',NULL),(1309,'checkbox','7',96,'0',2,594869426,'2021-09-01 10:27:04',15,'809456273.pdf',NULL),(1310,'label','5',56,'0',2,594869426,'2021-09-01 10:27:04',15,'809456273.pdf',NULL),(1311,'label','5',61,'0',2,594869426,'2021-09-01 10:27:04',15,'809456273.pdf',NULL),(1312,'label','5',64,'0',2,594869426,'2021-09-01 10:27:04',15,'809456273.pdf',NULL),(1313,'label','6',75,'0',2,594869426,'2021-09-01 10:27:04',15,'809456273.pdf',NULL);
/*!40000 ALTER TABLE `answers` ENABLE KEYS */;
UNLOCK TABLES;

--
-- Table structure for table `applicationDetails`
--

DROP TABLE IF EXISTS `applicationDetails`;
/*!40101 SET @saved_cs_client     = @@character_set_client */;
/*!40101 SET character_set_client = utf8 */;
CREATE TABLE `applicationDetails` (
  `id` int(10) NOT NULL AUTO_INCREMENT,
  `applicationId` int(10) NOT NULL,
  `convertedImages` varchar(100) NOT NULL,
  PRIMARY KEY (`id`)
) ENGINE=InnoDB AUTO_INCREMENT=9 DEFAULT CHARSET=utf8mb4;
/*!40101 SET character_set_client = @saved_cs_client */;

--
-- Dumping data for table `applicationDetails`
--

LOCK TABLES `applicationDetails` WRITE;
/*!40000 ALTER TABLE `applicationDetails` DISABLE KEYS */;
INSERT INTO `applicationDetails` VALUES (1,1,'1-1983390546.jpg'),(2,1,'2-1651308824.jpg'),(3,1,'3-1065448717.jpg'),(4,1,'4-870538995.jpg'),(5,1,'5-1800581115.jpg'),(6,1,'6-1488059101.jpg'),(7,2,'1-2084033569.jpg'),(8,2,'2-375981638.jpg');
/*!40000 ALTER TABLE `applicationDetails` ENABLE KEYS */;
UNLOCK TABLES;

--
-- Table structure for table `login_attempts`
--

DROP TABLE IF EXISTS `login_attempts`;
/*!40101 SET @saved_cs_client     = @@character_set_client */;
/*!40101 SET character_set_client = utf8 */;
CREATE TABLE `login_attempts` (
  `user_id` int(11) NOT NULL,
  `time` varchar(100) NOT NULL
) ENGINE=InnoDB DEFAULT CHARSET=latin1;
/*!40101 SET character_set_client = @saved_cs_client */;

--
-- Dumping data for table `login_attempts`
--

LOCK TABLES `login_attempts` WRITE;
/*!40000 ALTER TABLE `login_attempts` DISABLE KEYS */;
INSERT INTO `login_attempts` VALUES (1,'1630422052');
/*!40000 ALTER TABLE `login_attempts` ENABLE KEYS */;
UNLOCK TABLES;

--
-- Table structure for table `multipal_option`
--

DROP TABLE IF EXISTS `multipal_option`;
/*!40101 SET @saved_cs_client     = @@character_set_client */;
/*!40101 SET character_set_client = utf8 */;
CREATE TABLE `multipal_option` (
  `id` int(11) NOT NULL AUTO_INCREMENT,
  `question_id` int(11) NOT NULL,
  `application_id` int(11) NOT NULL,
  `type` tinyint(4) NOT NULL COMMENT '1 = Radio, 2 = Check Box',
  PRIMARY KEY (`id`)
) ENGINE=InnoDB DEFAULT CHARSET=latin1;
/*!40101 SET character_set_client = @saved_cs_client */;

--
-- Dumping data for table `multipal_option`
--

LOCK TABLES `multipal_option` WRITE;
/*!40000 ALTER TABLE `multipal_option` DISABLE KEYS */;
/*!40000 ALTER TABLE `multipal_option` ENABLE KEYS */;
UNLOCK TABLES;

--
-- Table structure for table `newApplications`
--

DROP TABLE IF EXISTS `newApplications`;
/*!40101 SET @saved_cs_client     = @@character_set_client */;
/*!40101 SET character_set_client = utf8 */;
CREATE TABLE `newApplications` (
  `id` int(10) NOT NULL AUTO_INCREMENT,
  `applicationName` varchar(255) NOT NULL,
  `totalPages` int(5) NOT NULL,
  `originalFileName` varchar(255) NOT NULL,
  `createdAt` timestamp NOT NULL DEFAULT CURRENT_TIMESTAMP,
  `fontColor` varchar(100) DEFAULT NULL,
  `fontFamily` varchar(100) DEFAULT NULL,
  `isPdfGenerate` tinyint(1) NOT NULL,
  PRIMARY KEY (`id`)
) ENGINE=InnoDB AUTO_INCREMENT=3 DEFAULT CHARSET=utf8mb4;
/*!40101 SET character_set_client = @saved_cs_client */;

--
-- Dumping data for table `newApplications`
--

LOCK TABLES `newApplications` WRITE;
/*!40000 ALTER TABLE `newApplications` DISABLE KEYS */;
INSERT INTO `newApplications` VALUES (1,'Mehul Testing',6,'SBA Form 1919_ee (2).pdf','2021-05-21 12:24:41','12,49,179','Verdana',1),(2,'Fema Application',2,'fema_vendor-profile-form.pdf','2021-05-24 11:42:35','23,2,2','Verdana',1);
/*!40000 ALTER TABLE `newApplications` ENABLE KEYS */;
UNLOCK TABLES;

--
-- Table structure for table `newusers`
--

DROP TABLE IF EXISTS `newusers`;
/*!40101 SET @saved_cs_client     = @@character_set_client */;
/*!40101 SET character_set_client = utf8 */;
CREATE TABLE `newusers` (
  `id` int(11) NOT NULL,
  `userId` int(11) NOT NULL,
  `name` varchar(100) NOT NULL,
  `email` varchar(100) NOT NULL,
  `mobile` varchar(12) NOT NULL,
  `address` varchar(255) NOT NULL,
  `created` datetime NOT NULL,
  PRIMARY KEY (`id`)
) ENGINE=InnoDB DEFAULT CHARSET=latin1;
/*!40101 SET character_set_client = @saved_cs_client */;

--
-- Dumping data for table `newusers`
--

LOCK TABLES `newusers` WRITE;
/*!40000 ALTER TABLE `newusers` DISABLE KEYS */;
/*!40000 ALTER TABLE `newusers` ENABLE KEYS */;
UNLOCK TABLES;

--
-- Table structure for table `questionnaireUser`
--

DROP TABLE IF EXISTS `questionnaireUser`;
/*!40101 SET @saved_cs_client     = @@character_set_client */;
/*!40101 SET character_set_client = utf8 */;
CREATE TABLE `questionnaireUser` (
  `id` int(11) NOT NULL AUTO_INCREMENT,
  `userId` int(11) NOT NULL,
  `applicationId` int(11) NOT NULL,
  `name` varchar(100) NOT NULL,
  `email` varchar(100) NOT NULL,
  `mobile` varchar(12) NOT NULL,
  `address` varchar(255) NOT NULL,
  `created` datetime NOT NULL,
  PRIMARY KEY (`id`)
) ENGINE=InnoDB AUTO_INCREMENT=16 DEFAULT CHARSET=latin1;
/*!40101 SET character_set_client = @saved_cs_client */;

--
-- Dumping data for table `questionnaireUser`
--

LOCK TABLES `questionnaireUser` WRITE;
/*!40000 ALTER TABLE `questionnaireUser` DISABLE KEYS */;
INSERT INTO `questionnaireUser` VALUES (1,1807806720,1,'Mehul S Bhandari','mehul@contactprocrm.com','9714959456','','2021-05-21 12:28:06'),(2,182007199,2,'testing','testing@gmail.com','8137777777','','2021-05-24 13:34:42'),(3,1209854171,2,'Mehul','mehul@contactprocrm.com','9714959456','','2021-05-24 16:21:03'),(4,1414920680,2,'aaa','aa@aa.com','123332342342','','2021-05-24 16:29:55'),(5,1573804042,2,'testing','test123@gmail.com','8132229999','','2021-05-24 18:38:14'),(6,1349943756,1,'test','admin@gmail.com','9907046880','','2021-06-06 18:04:52'),(7,344077940,2,'MehulSB','mehul@contactprocrm.com','9714959456','','2021-06-08 05:05:56'),(8,129512187,2,'test','chaincerts@gmail.com','1212121212','','2021-06-08 06:23:44'),(9,129512187,2,'test','admin@gmail.com','1212121212','','2021-06-08 11:22:27'),(10,1793428692,1,'aadfgdf','chaincerts@gmail.com','1212121212','','2021-06-21 04:35:48'),(11,299566614,2,'Testing','testing@onetwo.com','878486489324','','2021-08-20 09:43:02'),(12,182007199,2,'Sean Alfortish','lawqb@aol.com','5042759181','','2021-08-30 18:54:42'),(13,182007199,2,'Test','test@gmail.com','7276987270','','2021-08-30 19:19:15'),(14,1573804042,2,'Stephanie','stephanieltg1@gmail.com','8132107062','','2021-08-31 14:25:57'),(15,594869426,2,'MSB Testing','msbtesting@gmail.com','123123123123','','2021-09-01 10:25:30');
/*!40000 ALTER TABLE `questionnaireUser` ENABLE KEYS */;
UNLOCK TABLES;

--
-- Table structure for table `questions`
--

DROP TABLE IF EXISTS `questions`;
/*!40101 SET @saved_cs_client     = @@character_set_client */;
/*!40101 SET character_set_client = utf8 */;
CREATE TABLE `questions` (
  `id` int(10) NOT NULL AUTO_INCREMENT,
  `applicationId` int(10) NOT NULL,
  `imageId` int(10) NOT NULL,
  `xCordinates` int(10) NOT NULL,
  `yCordinates` int(10) NOT NULL,
  `questionType` varchar(100) NOT NULL,
  `questionLable` varchar(255) NOT NULL,
  `isRequired` tinyint(1) NOT NULL DEFAULT '0',
  `isParent` tinyint(1) NOT NULL DEFAULT '0' COMMENT '0 = no parent , 1 = parent',
  `isChild` tinyint(1) NOT NULL DEFAULT '0' COMMENT '0 = not child, 1 = child',
  `parent_id` int(11) NOT NULL,
  `fontColor` varchar(100) NOT NULL,
  `fontFamily` varchar(255) NOT NULL,
  `step` int(10) NOT NULL DEFAULT '1',
  `mappingName` varchar(100) DEFAULT NULL,
  PRIMARY KEY (`id`)
) ENGINE=InnoDB AUTO_INCREMENT=106 DEFAULT CHARSET=latin1;
/*!40101 SET character_set_client = @saved_cs_client */;

--
-- Dumping data for table `questions`
--

LOCK TABLES `questions` WRITE;
/*!40000 ALTER TABLE `questions` DISABLE KEYS */;
INSERT INTO `questions` VALUES (1,1,1,716,698,'text','Name Of Bussiness',0,0,0,0,'12,49,179','Verdana',1,'0'),(2,1,1,274,742,'text','Yourname',0,0,0,0,'12,49,179','Verdana',1,'0'),(3,1,1,906,743,'text','Title',0,0,0,0,'12,49,179','Verdana',1,'0'),(4,1,1,436,778,'text','Social Sec Number',0,0,0,0,'12,49,179','Verdana',2,'0'),(5,1,1,913,784,'date','DOB',0,0,0,0,'12,49,179','Verdana',3,'0'),(6,2,7,237,197,'text','1. Business Name',0,0,0,0,'23,2,2','Verdana',1,'0'),(7,2,7,610,217,'text','2. Business Website Address',0,0,0,0,'23,2,2','Verdana',1,'0'),(8,2,7,93,272,'text','3. Business Street Address',0,0,0,0,'23,2,2','Verdana',1,'0'),(9,2,7,566,272,'text','4. City',0,0,0,0,'23,2,2','Verdana',1,'0'),(10,2,7,779,270,'text','5. State',0,0,0,0,'23,2,2','Verdana',1,'0'),(11,2,7,865,267,'text','6. County',0,0,0,0,'23,2,2','Verdana',1,'0'),(12,2,7,1047,270,'text','7. Zip Code',0,0,0,0,'23,2,2','Verdana',1,'0'),(13,2,7,72,325,'date','8. Date of Incorporation/Inception',0,0,0,0,'23,2,2','Verdana',1,'0'),(14,2,7,415,320,'text','9. Point of Contact',0,0,0,0,'23,2,2','Verdana',1,'0'),(15,2,7,879,324,'text','10. Point of Contact Title',0,0,0,0,'23,2,2','Verdana',1,'0'),(16,2,7,110,377,'text','11. Point of Contact E-mail Address',0,0,0,0,'23,2,2','Verdana',2,'0'),(17,2,7,859,380,'text','12. Phone Number',0,0,0,0,'23,2,2','Verdana',2,'0'),(18,2,7,1041,379,'text','13. Fax Number',0,0,0,0,'23,2,2','Verdana',2,'0'),(19,2,7,72,431,'text','14. Alternate Point of Contact',0,0,0,0,'23,2,2','Verdana',2,'0'),(20,2,7,472,431,'text','15. Alternate Point of Contact Title',0,0,0,0,'23,2,2','Verdana',2,'0'),(21,2,7,861,432,'text','16. Phone Number',0,0,0,0,'23,2,2','Verdana',2,'0'),(22,2,7,1042,434,'text','17. Fax Number',0,0,0,0,'23,2,2','Verdana',2,'0'),(23,2,7,70,485,'text','18. Alternate Point of Contact E-mail Address',0,0,0,0,'23,2,2','Verdana',2,'0'),(24,2,7,200,572,'text','1. CAGE Code:',0,1,0,0,'23,2,2','Verdana',3,'0'),(25,2,7,814,574,'text','2. DUNS Number:',0,0,0,0,'23,2,2','Verdana',3,'0'),(26,2,7,332,615,'text','3. NAIC Code(s) Maximum of 5',0,0,0,0,'23,2,2','Verdana',3,'0'),(27,2,7,52,646,'label','4. Please check all the categories that apply to your company.',0,0,0,0,'23,2,2','Verdana',4,'0'),(29,2,7,66,682,'checkbox','8(a) Certified',0,0,0,0,'23,2,2','Verdana',4,'0'),(30,2,7,250,682,'checkbox','Disadvantage/Minority',0,0,0,0,'23,2,2','Verdana',4,'0'),(31,2,7,466,683,'checkbox','HBCU/Minority Institution',0,0,0,0,'23,2,2','Verdana',4,'0'),(32,2,7,719,685,'checkbox','Historically Under Utilized Business Zone (HUB Zone)',0,0,0,0,'23,2,2','Verdana',4,'0'),(33,2,7,69,722,'checkbox','Native American',0,0,0,0,'23,2,2','Verdana',4,'0'),(34,2,7,251,722,'checkbox','Service Disabled Veteran Owned Small Business',0,0,0,0,'23,2,2','Verdana',4,'0'),(35,2,7,716,720,'checkbox','Small Business',0,0,0,0,'23,2,2','Verdana',4,'0'),(36,2,7,887,721,'checkbox','Small Disadvantaged Business',0,0,0,0,'23,2,2','Verdana',4,'0'),(37,2,7,67,752,'checkbox','Tribal',0,0,0,0,'23,2,2','Verdana',4,'0'),(38,2,7,254,754,'checkbox','Veteran Owned Small Business',0,0,0,0,'23,2,2','Verdana',4,'0'),(39,2,7,571,758,'checkbox','Women Owned Small Business',0,0,0,0,'23,2,2','Verdana',4,'0'),(41,2,7,885,759,'checkbox','Other',0,0,0,0,'23,2,2','Verdana',4,'0'),(42,2,7,985,753,'text','Other Description',0,0,0,0,'23,2,2','Verdana',4,'0'),(56,2,7,68,792,'label','5. Is your product(s) or service currently on GSA schedule?',0,1,0,0,'23,2,2','Verdana',5,'0'),(59,2,7,502,795,'radio','No',0,0,1,56,'23,2,2','Verdana',5,'0'),(60,2,7,570,793,'radio','Yes',0,0,1,56,'23,2,2','Verdana',5,'0'),(61,2,7,656,792,'label','6. Does your company accept government purchase cards?',0,1,0,0,'23,2,2','Verdana',5,'0'),(62,2,7,1078,792,'radio','No',0,0,1,61,'23,2,2','Verdana',5,'0'),(63,2,7,1137,793,'radio','Yes',0,0,1,61,'23,2,2','Verdana',5,'0'),(64,2,7,69,822,'label','7. Is your company currently doing business with FEMA?',0,1,0,0,'23,2,2','Verdana',5,'0'),(65,2,7,503,828,'radio','No',0,0,1,64,'23,2,2','Verdana',5,'0'),(66,2,7,570,830,'radio','Yes',0,0,1,64,'23,2,2','Verdana',5,'0'),(68,2,7,81,859,'text','If yes, please list the name of the FEMA office(s)/person(s):',0,0,0,0,'23,2,2','Verdana',5,'0'),(69,2,7,58,943,'label','8. Reason for contacting FEMA:',0,0,0,0,'23,2,2','Verdana',6,'0'),(70,2,7,70,971,'checkbox','General Inquiry',0,0,0,0,'23,2,2','Verdana',6,'0'),(71,2,7,233,972,'checkbox','Vendor Presentation Meeting',0,0,0,0,'23,2,2','Verdana',6,'0'),(72,2,7,485,970,'checkbox','Industry Day',0,0,0,0,'23,2,2','Verdana',6,'0'),(73,2,7,629,972,'checkbox','Other',0,0,0,0,'23,2,2','Verdana',6,'0'),(74,2,7,729,970,'text','Other Description',0,0,0,0,'23,2,2','Verdana',6,'0'),(75,2,7,71,1000,'label','9. Have you previously met with a program office or FEMA representative in the last twelve (12) months?',0,1,0,0,'23,2,2','Verdana',6,'0'),(76,2,7,805,1008,'radio','No',0,0,1,75,'23,2,2','Verdana',6,'0'),(77,2,7,877,1009,'radio','Yes',0,0,1,75,'23,2,2','Verdana',6,'0'),(78,2,7,89,1029,'text','If yes please provide that office(s)/person(s) name:',0,0,0,0,'23,2,2','Verdana',6,'0'),(79,2,7,79,1063,'label','10. How did you find out about Industry Liaison?',0,0,0,0,'23,2,2','Verdana',7,'0'),(80,2,7,393,1061,'checkbox','Website',0,0,0,0,'23,2,2','Verdana',7,'0'),(81,2,7,502,1061,'checkbox','FEMA Small Business',0,0,0,0,'23,2,2','Verdana',7,'0'),(82,2,7,718,1064,'checkbox','FEMA Representative Referral',0,0,0,0,'23,2,2','Verdana',7,'0'),(84,2,7,211,1093,'text','Other Description',0,0,0,0,'23,2,2','Verdana',7,'0'),(86,2,7,62,1145,'label','11. Please check applicable commodities(s)/service(s) your company povides:',0,1,0,0,'23,2,2','Verdana',7,'0'),(87,2,7,614,1144,'checkbox','Water',0,0,0,0,'23,2,2','Verdana',7,'0'),(88,2,7,702,1141,'checkbox','Food',0,0,0,0,'23,2,2','Verdana',7,'0'),(89,2,7,786,1142,'checkbox','Medical Supplies',0,0,0,0,'23,2,2','Verdana',7,'0'),(90,2,7,893,1143,'checkbox','Temporary Housing/Shelter',0,0,0,0,'23,2,2','Verdana',7,'0'),(91,2,7,1053,1140,'checkbox','Infant Toddler Products',0,0,0,0,'23,2,2','Verdana',7,'0'),(92,2,7,67,1190,'checkbox','Generators',0,0,0,0,'23,2,2','Verdana',7,'0'),(93,2,7,233,1191,'checkbox','Blankets',0,0,0,0,'23,2,2','Verdana',7,'0'),(94,2,7,342,1188,'checkbox','Tarps',0,0,0,0,'23,2,2','Verdana',7,'0'),(95,2,7,429,1188,'checkbox','Cots',0,0,0,0,'23,2,2','Verdana',7,'0'),(96,2,7,521,1191,'checkbox','Other',0,0,0,0,'23,2,2','Verdana',7,'0'),(97,2,7,643,1186,'text','Other Description',0,0,0,0,'23,2,2','Verdana',7,'0'),(98,2,7,141,1252,'text','12. Please provide a brief description of your commodity',0,0,0,0,'23,2,2','Verdana',8,'0'),(99,2,7,46,1368,'label','.',0,0,0,0,'23,2,2','Verdana',8,'0'),(100,2,7,54,1399,'label','I hereby affirm that the above information is true to the best of my knowledge. I further acknowledge that I have registered my company in System',0,0,0,0,'23,2,2','Verdana',8,'0'),(101,2,7,295,1453,'signature','Signature',0,0,0,0,'23,2,2','Verdana',8,'0'),(102,2,7,973,1448,'date','Date',0,0,0,0,'23,2,2','Verdana',8,'0'),(103,1,1,512,1311,'label','(1) Are you presently subject to an indictment, criminal inform',0,1,0,0,'12,49,179','Verdana',2,'0'),(104,1,1,715,1315,'radio','Yes',0,0,1,103,'12,49,179','Verdana',2,'0'),(105,1,1,787,1317,'radio','No',0,0,1,103,'12,49,179','Verdana',2,'0');
/*!40000 ALTER TABLE `questions` ENABLE KEYS */;
UNLOCK TABLES;

--
-- Table structure for table `user`
--

DROP TABLE IF EXISTS `user`;
/*!40101 SET @saved_cs_client     = @@character_set_client */;
/*!40101 SET character_set_client = utf8 */;
CREATE TABLE `user` (
  `id` int(8) NOT NULL,
  `first_name` varchar(50) NOT NULL,
  `last_name` varchar(50) NOT NULL,
  `email` varchar(50) NOT NULL,
  `password` varchar(50) NOT NULL,
  PRIMARY KEY (`id`)
) ENGINE=MyISAM DEFAULT CHARSET=latin1;
/*!40101 SET character_set_client = @saved_cs_client */;

--
-- Dumping data for table `user`
--

LOCK TABLES `user` WRITE;
/*!40000 ALTER TABLE `user` DISABLE KEYS */;
INSERT INTO `user` VALUES (1,'ContactPro','CRM','admin@gmail.com','21232f297a57a5a743894a0e4a801fc3');
/*!40000 ALTER TABLE `user` ENABLE KEYS */;
UNLOCK TABLES;
/*!40103 SET TIME_ZONE=@OLD_TIME_ZONE */;

/*!40101 SET SQL_MODE=@OLD_SQL_MODE */;
/*!40014 SET FOREIGN_KEY_CHECKS=@OLD_FOREIGN_KEY_CHECKS */;
/*!40014 SET UNIQUE_CHECKS=@OLD_UNIQUE_CHECKS */;
/*!40101 SET CHARACTER_SET_CLIENT=@OLD_CHARACTER_SET_CLIENT */;
/*!40101 SET CHARACTER_SET_RESULTS=@OLD_CHARACTER_SET_RESULTS */;
/*!40101 SET COLLATION_CONNECTION=@OLD_COLLATION_CONNECTION */;
/*!40111 SET SQL_NOTES=@OLD_SQL_NOTES */;

-- Dump completed on 2021-09-07  5:39:06
